,InvoiceNo,Unnamed: 0,StockCode,Description,Quantity,InvoiceDate,UnitPrice,CustomerID,Country
0,536365,0,85123A,WHITE HANGING HEART T-LIGHT HOLDER,6,12/1/2010 8:26,2.55,17850.0,United Kingdom
1,536365,1,71053,WHITE METAL LANTERN,6,12/1/2010 8:26,3.39,17850.0,United Kingdom
2,536365,2,84406B,CREAM CUPID HEARTS COAT HANGER,8,12/1/2010 8:26,2.75,17850.0,United Kingdom
3,536365,3,84029G,KNITTED UNION FLAG HOT WATER BOTTLE,6,12/1/2010 8:26,3.39,17850.0,United Kingdom
4,536365,4,84029E,RED WOOLLY HOTTIE WHITE HEART.,6,12/1/2010 8:26,3.39,17850.0,United Kingdom
5,536365,5,22752,SET 7 BABUSHKA NESTING BOXES,2,12/1/2010 8:26,7.65,17850.0,United Kingdom
6,536365,6,21730,GLASS STAR FROSTED T-LIGHT HOLDER,6,12/1/2010 8:26,4.25,17850.0,United Kingdom
7,536366,7,22633,HAND WARMER UNION JACK,6,12/1/2010 8:28,1.85,17850.0,United Kingdom
8,536366,8,22632,HAND WARMER RED POLKA DOT,6,12/1/2010 8:28,1.85,17850.0,United Kingdom
9,536367,9,84879,ASSORTED COLOUR BIRD ORNAMENT,32,12/1/2010 8:34,1.69,13047.0,United Kingdom
10,536367,10,22745,POPPY'S PLAYHOUSE BEDROOM ,6,12/1/2010 8:34,2.1,13047.0,United Kingdom
11,536367,11,22748,POPPY'S PLAYHOUSE KITCHEN,6,12/1/2010 8:34,2.1,13047.0,United Kingdom
12,536367,12,22749,FELTCRAFT PRINCESS CHARLOTTE DOLL,8,12/1/2010 8:34,3.75,13047.0,United Kingdom
13,536367,13,22310,IVORY KNITTED MUG COSY ,6,12/1/2010 8:34,1.65,13047.0,United Kingdom
14,536367,14,84969,BOX OF 6 ASSORTED COLOUR TEASPOONS,6,12/1/2010 8:34,4.25,13047.0,United Kingdom
15,536367,15,22623,BOX OF VINTAGE JIGSAW BLOCKS ,3,12/1/2010 8:34,4.95,13047.0,United Kingdom
16,536367,16,22622,BOX OF VINTAGE ALPHABET BLOCKS,2,12/1/2010 8:34,9.95,13047.0,United Kingdom
17,536367,17,21754,HOME BUILDING BLOCK WORD,3,12/1/2010 8:34,5.95,13047.0,United Kingdom
18,536367,18,21755,LOVE BUILDING BLOCK WORD,3,12/1/2010 8:34,5.95,13047.0,United Kingdom
19,536367,19,21777,RECIPE BOX WITH METAL HEART,4,12/1/2010 8:34,7.95,13047.0,United Kingdom
20,536367,20,48187,DOORMAT NEW ENGLAND,4,12/1/2010 8:34,7.95,13047.0,United Kingdom
21,536368,21,22960,JAM MAKING SET WITH JARS,6,12/1/2010 8:34,4.25,13047.0,United Kingdom
22,536368,22,22913,RED COAT RACK PARIS FASHION,3,12/1/2010 8:34,4.95,13047.0,United Kingdom
23,536368,23,22912,YELLOW COAT RACK PARIS FASHION,3,12/1/2010 8:34,4.95,13047.0,United Kingdom
24,536368,24,22914,BLUE COAT RACK PARIS FASHION,3,12/1/2010 8:34,4.95,13047.0,United Kingdom
25,536369,25,21756,BATH BUILDING BLOCK WORD,3,12/1/2010 8:35,5.95,13047.0,United Kingdom
26,536370,26,22728,ALARM CLOCK BAKELIKE PINK,24,12/1/2010 8:45,3.75,12583.0,France
27,536370,27,22727,ALARM CLOCK BAKELIKE RED ,24,12/1/2010 8:45,3.75,12583.0,France
28,536370,28,22726,ALARM CLOCK BAKELIKE GREEN,12,12/1/2010 8:45,3.75,12583.0,France
29,536370,29,21724,PANDA AND BUNNIES STICKER SHEET,12,12/1/2010 8:45,0.85,12583.0,France
30,536370,30,21883,STARS GIFT TAPE ,24,12/1/2010 8:45,0.65,12583.0,France
31,536370,31,10002,INFLATABLE POLITICAL GLOBE ,48,12/1/2010 8:45,0.85,12583.0,France
32,536370,32,21791,VINTAGE HEADS AND TAILS CARD GAME ,24,12/1/2010 8:45,1.25,12583.0,France
33,536370,33,21035,SET/2 RED RETROSPOT TEA TOWELS ,18,12/1/2010 8:45,2.95,12583.0,France
34,536370,34,22326,ROUND SNACK BOXES SET OF4 WOODLAND ,24,12/1/2010 8:45,2.95,12583.0,France
35,536370,35,22629,SPACEBOY LUNCH BOX ,24,12/1/2010 8:45,1.95,12583.0,France
36,536370,36,22659,LUNCH BOX I LOVE LONDON,24,12/1/2010 8:45,1.95,12583.0,France
37,536370,37,22631,CIRCUS PARADE LUNCH BOX ,24,12/1/2010 8:45,1.95,12583.0,France
38,536370,38,22661,CHARLOTTE BAG DOLLY GIRL DESIGN,20,12/1/2010 8:45,0.85,12583.0,France
39,536370,39,21731,RED TOADSTOOL LED NIGHT LIGHT,24,12/1/2010 8:45,1.65,12583.0,France
40,536370,40,22900, SET 2 TEA TOWELS I LOVE LONDON ,24,12/1/2010 8:45,2.95,12583.0,France
41,536370,41,21913,VINTAGE SEASIDE JIGSAW PUZZLES,12,12/1/2010 8:45,3.75,12583.0,France
42,536370,42,22540,MINI JIGSAW CIRCUS PARADE ,24,12/1/2010 8:45,0.42,12583.0,France
43,536370,43,22544,MINI JIGSAW SPACEBOY,24,12/1/2010 8:45,0.42,12583.0,France
44,536370,44,22492,MINI PAINT SET VINTAGE ,36,12/1/2010 8:45,0.65,12583.0,France
45,536370,45,POST,POSTAGE,3,12/1/2010 8:45,18.0,12583.0,France
46,536371,46,22086,PAPER CHAIN KIT 50'S CHRISTMAS ,80,12/1/2010 9:00,2.55,13748.0,United Kingdom
47,536372,47,22632,HAND WARMER RED POLKA DOT,6,12/1/2010 9:01,1.85,17850.0,United Kingdom
48,536372,48,22633,HAND WARMER UNION JACK,6,12/1/2010 9:01,1.85,17850.0,United Kingdom
49,536373,49,85123A,WHITE HANGING HEART T-LIGHT HOLDER,6,12/1/2010 9:02,2.55,17850.0,United Kingdom
50,536373,50,71053,WHITE METAL LANTERN,6,12/1/2010 9:02,3.39,17850.0,United Kingdom
51,536373,51,84406B,CREAM CUPID HEARTS COAT HANGER,8,12/1/2010 9:02,2.75,17850.0,United Kingdom
52,536373,52,20679,EDWARDIAN PARASOL RED,6,12/1/2010 9:02,4.95,17850.0,United Kingdom
53,536373,53,37370,RETRO COFFEE MUGS ASSORTED,6,12/1/2010 9:02,1.06,17850.0,United Kingdom
54,536373,54,21871,SAVE THE PLANET MUG,6,12/1/2010 9:02,1.06,17850.0,United Kingdom
55,536373,55,21071,VINTAGE BILLBOARD DRINK ME MUG,6,12/1/2010 9:02,1.06,17850.0,United Kingdom
56,536373,56,21068,VINTAGE BILLBOARD LOVE/HATE MUG,6,12/1/2010 9:02,1.06,17850.0,United Kingdom
57,536373,57,82483,WOOD 2 DRAWER CABINET WHITE FINISH,2,12/1/2010 9:02,4.95,17850.0,United Kingdom
58,536373,58,82486,WOOD S/3 CABINET ANT WHITE FINISH,4,12/1/2010 9:02,6.95,17850.0,United Kingdom
59,536373,59,82482,WOODEN PICTURE FRAME WHITE FINISH,6,12/1/2010 9:02,2.1,17850.0,United Kingdom
60,536373,60,82494L,WOODEN FRAME ANTIQUE WHITE ,6,12/1/2010 9:02,2.55,17850.0,United Kingdom
61,536373,61,84029G,KNITTED UNION FLAG HOT WATER BOTTLE,6,12/1/2010 9:02,3.39,17850.0,United Kingdom
62,536373,62,84029E,RED WOOLLY HOTTIE WHITE HEART.,6,12/1/2010 9:02,3.39,17850.0,United Kingdom
63,536373,63,22752,SET 7 BABUSHKA NESTING BOXES,2,12/1/2010 9:02,7.65,17850.0,United Kingdom
64,536373,64,21730,GLASS STAR FROSTED T-LIGHT HOLDER,6,12/1/2010 9:02,4.25,17850.0,United Kingdom
65,536374,65,21258,VICTORIAN SEWING BOX LARGE,32,12/1/2010 9:09,10.95,15100.0,United Kingdom
66,536375,66,85123A,WHITE HANGING HEART T-LIGHT HOLDER,6,12/1/2010 9:32,2.55,17850.0,United Kingdom
67,536375,67,71053,WHITE METAL LANTERN,6,12/1/2010 9:32,3.39,17850.0,United Kingdom
68,536375,68,84406B,CREAM CUPID HEARTS COAT HANGER,8,12/1/2010 9:32,2.75,17850.0,United Kingdom
69,536375,69,20679,EDWARDIAN PARASOL RED,6,12/1/2010 9:32,4.95,17850.0,United Kingdom
70,536375,70,37370,RETRO COFFEE MUGS ASSORTED,6,12/1/2010 9:32,1.06,17850.0,United Kingdom
71,536375,71,21871,SAVE THE PLANET MUG,6,12/1/2010 9:32,1.06,17850.0,United Kingdom
72,536375,72,21071,VINTAGE BILLBOARD DRINK ME MUG,6,12/1/2010 9:32,1.06,17850.0,United Kingdom
73,536375,73,21068,VINTAGE BILLBOARD LOVE/HATE MUG,6,12/1/2010 9:32,1.06,17850.0,United Kingdom
74,536375,74,82483,WOOD 2 DRAWER CABINET WHITE FINISH,2,12/1/2010 9:32,4.95,17850.0,United Kingdom
75,536375,75,82486,WOOD S/3 CABINET ANT WHITE FINISH,4,12/1/2010 9:32,6.95,17850.0,United Kingdom
76,536375,76,82482,WOODEN PICTURE FRAME WHITE FINISH,6,12/1/2010 9:32,2.1,17850.0,United Kingdom
77,536375,77,82494L,WOODEN FRAME ANTIQUE WHITE ,6,12/1/2010 9:32,2.55,17850.0,United Kingdom
78,536375,78,84029G,KNITTED UNION FLAG HOT WATER BOTTLE,6,12/1/2010 9:32,3.39,17850.0,United Kingdom
79,536375,79,84029E,RED WOOLLY HOTTIE WHITE HEART.,6,12/1/2010 9:32,3.39,17850.0,United Kingdom
80,536375,80,22752,SET 7 BABUSHKA NESTING BOXES,2,12/1/2010 9:32,7.65,17850.0,United Kingdom
81,536375,81,21730,GLASS STAR FROSTED T-LIGHT HOLDER,6,12/1/2010 9:32,4.25,17850.0,United Kingdom
82,536376,82,22114,HOT WATER BOTTLE TEA AND SYMPATHY,48,12/1/2010 9:32,3.45,15291.0,United Kingdom
83,536376,83,21733,RED HANGING HEART T-LIGHT HOLDER,64,12/1/2010 9:32,2.55,15291.0,United Kingdom
84,536377,84,22632,HAND WARMER RED POLKA DOT,6,12/1/2010 9:34,1.85,17850.0,United Kingdom
85,536377,85,22633,HAND WARMER UNION JACK,6,12/1/2010 9:34,1.85,17850.0,United Kingdom
86,536378,86,22386,JUMBO BAG PINK POLKADOT,10,12/1/2010 9:37,1.95,14688.0,United Kingdom
87,536378,87,85099C,JUMBO  BAG BAROQUE BLACK WHITE,10,12/1/2010 9:37,1.95,14688.0,United Kingdom
88,536378,88,21033,JUMBO BAG CHARLIE AND LOLA TOYS,10,12/1/2010 9:37,2.95,14688.0,United Kingdom
89,536378,89,20723,STRAWBERRY CHARLOTTE BAG,10,12/1/2010 9:37,0.85,14688.0,United Kingdom
90,536378,90,84997B,RED 3 PIECE RETROSPOT CUTLERY SET,12,12/1/2010 9:37,3.75,14688.0,United Kingdom
91,536378,91,84997C,BLUE 3 PIECE POLKADOT CUTLERY SET,6,12/1/2010 9:37,3.75,14688.0,United Kingdom
92,536378,92,21094,SET/6 RED SPOTTY PAPER PLATES,12,12/1/2010 9:37,0.85,14688.0,United Kingdom
93,536378,93,20725,LUNCH BAG RED RETROSPOT,10,12/1/2010 9:37,1.65,14688.0,United Kingdom
94,536378,94,21559,STRAWBERRY LUNCH BOX WITH CUTLERY,6,12/1/2010 9:37,2.55,14688.0,United Kingdom
95,536378,95,22352,LUNCH BOX WITH CUTLERY RETROSPOT ,6,12/1/2010 9:37,2.55,14688.0,United Kingdom
96,536378,96,21212,PACK OF 72 RETROSPOT CAKE CASES,120,12/1/2010 9:37,0.42,14688.0,United Kingdom
97,536378,97,21975,PACK OF 60 DINOSAUR CAKE CASES,24,12/1/2010 9:37,0.55,14688.0,United Kingdom
98,536378,98,21977,PACK OF 60 PINK PAISLEY CAKE CASES,24,12/1/2010 9:37,0.55,14688.0,United Kingdom
99,536378,99,84991,60 TEATIME FAIRY CAKE CASES,24,12/1/2010 9:37,0.55,14688.0,United Kingdom
100,536378,100,84519A,TOMATO CHARLIE+LOLA COASTER SET,6,12/1/2010 9:37,2.95,14688.0,United Kingdom
101,536378,101,85183B,CHARLIE & LOLA WASTEPAPER BIN FLORA,48,12/1/2010 9:37,1.25,14688.0,United Kingdom
102,536378,102,85071B,RED CHARLIE+LOLA PERSONAL DOORSIGN,96,12/1/2010 9:37,0.38,14688.0,United Kingdom
103,536378,103,21931,JUMBO STORAGE BAG SUKI,10,12/1/2010 9:37,1.95,14688.0,United Kingdom
104,536378,104,21929,JUMBO BAG PINK VINTAGE PAISLEY,10,12/1/2010 9:37,1.95,14688.0,United Kingdom
105,536380,105,22961,JAM MAKING SET PRINTED,24,12/1/2010 9:41,1.45,17809.0,United Kingdom
106,536381,106,22139,RETROSPOT TEA SET CERAMIC 11 PC ,23,12/1/2010 9:41,4.25,15311.0,United Kingdom
107,536381,107,84854,GIRLY PINK TOOL SET,5,12/1/2010 9:41,4.95,15311.0,United Kingdom
108,536381,108,22411,JUMBO SHOPPER VINTAGE RED PAISLEY,10,12/1/2010 9:41,1.95,15311.0,United Kingdom
109,536381,109,82567,"AIRLINE LOUNGE,METAL SIGN",2,12/1/2010 9:41,2.1,15311.0,United Kingdom
110,536381,110,21672,WHITE SPOT RED CERAMIC DRAWER KNOB,6,12/1/2010 9:41,1.25,15311.0,United Kingdom
111,536381,111,22774,RED DRAWER KNOB ACRYLIC EDWARDIAN,24,12/1/2010 9:41,1.25,15311.0,United Kingdom
112,536381,112,22771,CLEAR DRAWER KNOB ACRYLIC EDWARDIAN,24,12/1/2010 9:41,1.25,15311.0,United Kingdom
113,536381,113,71270,PHOTO CLIP LINE,1,12/1/2010 9:41,1.25,15311.0,United Kingdom
114,536381,114,22262,FELT EGG COSY CHICKEN,1,12/1/2010 9:41,0.85,15311.0,United Kingdom
115,536381,115,22637,PIGGY BANK RETROSPOT ,1,12/1/2010 9:41,2.55,15311.0,United Kingdom
116,536381,116,21934,SKULL SHOULDER BAG,10,12/1/2010 9:41,1.65,15311.0,United Kingdom
117,536381,117,21169,YOU'RE CONFUSING ME METAL SIGN ,3,12/1/2010 9:41,1.69,15311.0,United Kingdom
118,536381,118,21166,COOK WITH WINE METAL SIGN ,1,12/1/2010 9:41,1.95,15311.0,United Kingdom
119,536381,119,21175,GIN + TONIC DIET METAL SIGN,2,12/1/2010 9:41,2.1,15311.0,United Kingdom
120,536381,120,37444A,YELLOW BREAKFAST CUP AND SAUCER,1,12/1/2010 9:41,2.95,15311.0,United Kingdom
121,536381,121,37444C,PINK BREAKFAST CUP AND SAUCER ,1,12/1/2010 9:41,2.95,15311.0,United Kingdom
122,536381,122,22086,PAPER CHAIN KIT 50'S CHRISTMAS ,4,12/1/2010 9:41,2.95,15311.0,United Kingdom
123,536381,123,22083,PAPER CHAIN KIT RETROSPOT,1,12/1/2010 9:41,2.95,15311.0,United Kingdom
124,536381,124,84971S,SMALL HEART FLOWERS HOOK ,6,12/1/2010 9:41,0.85,15311.0,United Kingdom
125,536381,125,71270,PHOTO CLIP LINE,3,12/1/2010 9:41,1.25,15311.0,United Kingdom
126,536381,126,47580,TEA TIME DES TEA COSY,2,12/1/2010 9:41,2.55,15311.0,United Kingdom
127,536381,127,22261,FELT EGG COSY WHITE RABBIT ,1,12/1/2010 9:41,0.85,15311.0,United Kingdom
128,536381,128,84832,ZINC WILLIE WINKIE  CANDLE STICK,1,12/1/2010 9:41,0.85,15311.0,United Kingdom
129,536381,129,22644,CERAMIC CHERRY CAKE MONEY BANK,1,12/1/2010 9:41,1.45,15311.0,United Kingdom
130,536381,130,21533,RETROSPOT LARGE MILK JUG,1,12/1/2010 9:41,4.95,15311.0,United Kingdom
131,536381,131,21557,SET OF 6 FUNKY BEAKERS,2,12/1/2010 9:41,2.95,15311.0,United Kingdom
132,536381,132,15056BL,EDWARDIAN PARASOL BLACK,2,12/1/2010 9:41,5.95,15311.0,United Kingdom
133,536381,133,15056N,EDWARDIAN PARASOL NATURAL,2,12/1/2010 9:41,5.95,15311.0,United Kingdom
134,536381,134,22646,CERAMIC STRAWBERRY CAKE MONEY BANK,4,12/1/2010 9:41,1.45,15311.0,United Kingdom
135,536381,135,22176,BLUE OWL SOFT TOY,1,12/1/2010 9:41,2.95,15311.0,United Kingdom
136,536381,136,22438,BALLOON ART MAKE YOUR OWN FLOWERS,1,12/1/2010 9:41,1.95,15311.0,United Kingdom
137,536381,137,21731,RED TOADSTOOL LED NIGHT LIGHT,2,12/1/2010 9:41,1.65,15311.0,United Kingdom
138,536381,138,22778,GLASS CLOCHE SMALL,3,12/1/2010 9:41,3.95,15311.0,United Kingdom
139,536381,139,22719,GUMBALL MONOCHROME COAT RACK,36,12/1/2010 9:41,1.06,15311.0,United Kingdom
140,536381,140,21523,DOORMAT FANCY FONT HOME SWEET HOME,10,12/1/2010 9:41,6.75,15311.0,United Kingdom
141,C536379,141,D,Discount,1,12/1/2010 9:41,27.5,14527.0,United Kingdom
142,536382,142,10002,INFLATABLE POLITICAL GLOBE ,12,12/1/2010 9:45,0.85,16098.0,United Kingdom
143,536382,143,21912,VINTAGE SNAKES & LADDERS,8,12/1/2010 9:45,3.75,16098.0,United Kingdom
144,536382,144,21832,CHOCOLATE CALCULATOR,12,12/1/2010 9:45,1.65,16098.0,United Kingdom
145,536382,145,22411,JUMBO SHOPPER VINTAGE RED PAISLEY,10,12/1/2010 9:45,1.95,16098.0,United Kingdom
146,536382,146,22379,RECYCLING BAG RETROSPOT ,10,12/1/2010 9:45,2.1,16098.0,United Kingdom
147,536382,147,22381,TOY TIDY PINK POLKADOT,50,12/1/2010 9:45,1.85,16098.0,United Kingdom
148,536382,148,22798,ANTIQUE GLASS DRESSING TABLE POT,8,12/1/2010 9:45,2.95,16098.0,United Kingdom
149,536382,149,22726,ALARM CLOCK BAKELIKE GREEN,4,12/1/2010 9:45,3.75,16098.0,United Kingdom
150,536382,150,22926,IVORY GIANT GARDEN THERMOMETER,12,12/1/2010 9:45,5.95,16098.0,United Kingdom
151,536382,151,22839,3 TIER CAKE TIN GREEN AND CREAM,2,12/1/2010 9:45,14.95,16098.0,United Kingdom
152,536382,152,22838,3 TIER CAKE TIN RED AND CREAM,2,12/1/2010 9:45,14.95,16098.0,United Kingdom
153,536382,153,22783,SET 3 WICKER OVAL BASKETS W LIDS,4,12/1/2010 9:45,16.95,16098.0,United Kingdom
154,C536383,154,35004C,SET OF 3 COLOURED  FLYING DUCKS,1,12/1/2010 9:49,4.65,15311.0,United Kingdom
155,536384,155,82484,WOOD BLACK BOARD ANT WHITE FINISH,3,12/1/2010 9:53,6.45,18074.0,United Kingdom
156,536384,156,84755,COLOUR GLASS T-LIGHT HOLDER HANGING,48,12/1/2010 9:53,0.65,18074.0,United Kingdom
157,536384,157,22464,HANGING METAL HEART LANTERN,12,12/1/2010 9:53,1.65,18074.0,United Kingdom
158,536384,158,21324,HANGING MEDINA LANTERN SMALL,6,12/1/2010 9:53,2.95,18074.0,United Kingdom
159,536384,159,22457,NATURAL SLATE HEART CHALKBOARD ,12,12/1/2010 9:53,2.95,18074.0,United Kingdom
160,536384,160,22469,HEART OF WICKER SMALL,40,12/1/2010 9:53,1.45,18074.0,United Kingdom
161,536384,161,22470,HEART OF WICKER LARGE,40,12/1/2010 9:53,2.55,18074.0,United Kingdom
162,536384,162,22224,WHITE LOVEBIRD LANTERN,6,12/1/2010 9:53,2.95,18074.0,United Kingdom
163,536384,163,21340,CLASSIC METAL BIRDCAGE PLANT HOLDER,2,12/1/2010 9:53,12.75,18074.0,United Kingdom
164,536384,164,22189,CREAM HEART CARD HOLDER,4,12/1/2010 9:53,3.95,18074.0,United Kingdom
165,536384,165,22427,ENAMEL FLOWER JUG CREAM,3,12/1/2010 9:53,5.95,18074.0,United Kingdom
166,536384,166,22428,ENAMEL FIRE BUCKET CREAM,6,12/1/2010 9:53,6.95,18074.0,United Kingdom
167,536384,167,22424,ENAMEL BREAD BIN CREAM,8,12/1/2010 9:53,10.95,18074.0,United Kingdom
168,536385,168,22783,SET 3 WICKER OVAL BASKETS W LIDS,1,12/1/2010 9:56,19.95,17420.0,United Kingdom
169,536385,169,22961,JAM MAKING SET PRINTED,12,12/1/2010 9:56,1.45,17420.0,United Kingdom
170,536385,170,22960,JAM MAKING SET WITH JARS,6,12/1/2010 9:56,4.25,17420.0,United Kingdom
171,536385,171,22663,JUMBO BAG DOLLY GIRL DESIGN,10,12/1/2010 9:56,1.95,17420.0,United Kingdom
172,536385,172,85049A,TRADITIONAL CHRISTMAS RIBBONS,12,12/1/2010 9:56,1.25,17420.0,United Kingdom
173,536385,173,22168,ORGANISER WOOD ANTIQUE WHITE ,2,12/1/2010 9:56,8.5,17420.0,United Kingdom
174,536385,174,22662,LUNCH BAG DOLLY GIRL DESIGN,10,12/1/2010 9:56,1.65,17420.0,United Kingdom
175,536386,175,84880,WHITE WIRE EGG HOLDER,36,12/1/2010 9:57,4.95,16029.0,United Kingdom
176,536386,176,85099C,JUMBO  BAG BAROQUE BLACK WHITE,100,12/1/2010 9:57,1.65,16029.0,United Kingdom
177,536386,177,85099B,JUMBO BAG RED RETROSPOT,100,12/1/2010 9:57,1.65,16029.0,United Kingdom
178,536387,178,79321,CHILLI LIGHTS,192,12/1/2010 9:58,3.82,16029.0,United Kingdom
179,536387,179,22780,LIGHT GARLAND BUTTERFILES PINK,192,12/1/2010 9:58,3.37,16029.0,United Kingdom
180,536387,180,22779,WOODEN OWLS LIGHT GARLAND ,192,12/1/2010 9:58,3.37,16029.0,United Kingdom
181,536387,181,22466,FAIRY TALE COTTAGE NIGHTLIGHT,432,12/1/2010 9:58,1.45,16029.0,United Kingdom
182,536387,182,21731,RED TOADSTOOL LED NIGHT LIGHT,432,12/1/2010 9:58,1.25,16029.0,United Kingdom
183,536388,183,21754,HOME BUILDING BLOCK WORD,3,12/1/2010 9:59,5.95,16250.0,United Kingdom
184,536388,184,21755,LOVE BUILDING BLOCK WORD,3,12/1/2010 9:59,5.95,16250.0,United Kingdom
185,536388,185,21523,DOORMAT FANCY FONT HOME SWEET HOME,2,12/1/2010 9:59,7.95,16250.0,United Kingdom
186,536388,186,21363,HOME SMALL WOOD LETTERS,3,12/1/2010 9:59,4.95,16250.0,United Kingdom
187,536388,187,21411,GINGHAM HEART  DOORSTOP RED,3,12/1/2010 9:59,4.25,16250.0,United Kingdom
188,536388,188,22318,FIVE HEART HANGING DECORATION,6,12/1/2010 9:59,2.95,16250.0,United Kingdom
189,536388,189,22464,HANGING METAL HEART LANTERN,12,12/1/2010 9:59,1.65,16250.0,United Kingdom
190,536388,190,22915,ASSORTED BOTTLE TOP  MAGNETS ,12,12/1/2010 9:59,0.42,16250.0,United Kingdom
191,536388,191,22922,FRIDGE MAGNETS US DINER ASSORTED,12,12/1/2010 9:59,0.85,16250.0,United Kingdom
192,536388,192,22969,HOMEMADE JAM SCENTED CANDLES,12,12/1/2010 9:59,1.45,16250.0,United Kingdom
193,536388,193,22923,FRIDGE MAGNETS LES ENFANTS ASSORTED,12,12/1/2010 9:59,0.85,16250.0,United Kingdom
194,536388,194,21115,ROSE CARAVAN DOORSTOP,4,12/1/2010 9:59,6.75,16250.0,United Kingdom
195,536388,195,22469,HEART OF WICKER SMALL,12,12/1/2010 9:59,1.65,16250.0,United Kingdom
196,536388,196,22242,5 HOOK HANGER MAGIC TOADSTOOL,12,12/1/2010 9:59,1.65,16250.0,United Kingdom
197,536389,197,22941,CHRISTMAS LIGHTS 10 REINDEER,6,12/1/2010 10:03,8.5,12431.0,Australia
198,536389,198,21622,VINTAGE UNION JACK CUSHION COVER,8,12/1/2010 10:03,4.95,12431.0,Australia
199,536389,199,21791,VINTAGE HEADS AND TAILS CARD GAME ,12,12/1/2010 10:03,1.25,12431.0,Australia
200,536389,200,35004C,SET OF 3 COLOURED  FLYING DUCKS,6,12/1/2010 10:03,5.45,12431.0,Australia
201,536389,201,35004G,SET OF 3 GOLD FLYING DUCKS,4,12/1/2010 10:03,6.35,12431.0,Australia
202,536389,202,85014B,RED RETROSPOT UMBRELLA,6,12/1/2010 10:03,5.95,12431.0,Australia
203,536389,203,85014A,BLACK/BLUE POLKADOT UMBRELLA,3,12/1/2010 10:03,5.95,12431.0,Australia
204,536389,204,22193,RED DINER WALL CLOCK,2,12/1/2010 10:03,8.5,12431.0,Australia
205,536389,205,22726,ALARM CLOCK BAKELIKE GREEN,4,12/1/2010 10:03,3.75,12431.0,Australia
206,536389,206,22727,ALARM CLOCK BAKELIKE RED ,4,12/1/2010 10:03,3.75,12431.0,Australia
207,536389,207,22192,BLUE DINER WALL CLOCK,2,12/1/2010 10:03,8.5,12431.0,Australia
208,536389,208,22191,IVORY DINER WALL CLOCK,2,12/1/2010 10:03,8.5,12431.0,Australia
209,536389,209,22195,LARGE HEART MEASURING SPOONS,24,12/1/2010 10:03,1.65,12431.0,Australia
210,536389,210,22196,SMALL HEART MEASURING SPOONS,24,12/1/2010 10:03,0.85,12431.0,Australia
211,536390,211,22941,CHRISTMAS LIGHTS 10 REINDEER,2,12/1/2010 10:19,8.5,17511.0,United Kingdom
212,536390,212,22960,JAM MAKING SET WITH JARS,12,12/1/2010 10:19,3.75,17511.0,United Kingdom
213,536390,213,22961,JAM MAKING SET PRINTED,12,12/1/2010 10:19,1.45,17511.0,United Kingdom
214,536390,214,22962,JAM JAR WITH PINK LID,48,12/1/2010 10:19,0.72,17511.0,United Kingdom
215,536390,215,22963,JAM JAR WITH GREEN LID,48,12/1/2010 10:19,0.72,17511.0,United Kingdom
216,536390,216,22968,ROSE COTTAGE KEEPSAKE BOX ,8,12/1/2010 10:19,8.5,17511.0,United Kingdom
217,536390,217,84970S,HANGING HEART ZINC T-LIGHT HOLDER,144,12/1/2010 10:19,0.64,17511.0,United Kingdom
218,536390,218,22910,PAPER CHAIN KIT VINTAGE CHRISTMAS,40,12/1/2010 10:19,2.55,17511.0,United Kingdom
219,536390,219,20668,DISCO BALL CHRISTMAS DECORATION,288,12/1/2010 10:19,0.1,17511.0,United Kingdom
220,536390,220,85123A,WHITE HANGING HEART T-LIGHT HOLDER,64,12/1/2010 10:19,2.55,17511.0,United Kingdom
221,536390,221,22197,SMALL POPCORN HOLDER,100,12/1/2010 10:19,0.72,17511.0,United Kingdom
222,536390,222,22198,LARGE POPCORN HOLDER ,50,12/1/2010 10:19,1.45,17511.0,United Kingdom
223,536390,223,21533,RETROSPOT LARGE MILK JUG,12,12/1/2010 10:19,4.25,17511.0,United Kingdom
224,536390,224,21080,SET/20 RED RETROSPOT PAPER NAPKINS ,96,12/1/2010 10:19,0.64,17511.0,United Kingdom
225,536390,225,21094,SET/6 RED SPOTTY PAPER PLATES,96,12/1/2010 10:19,0.64,17511.0,United Kingdom
226,536390,226,21086,SET/6 RED SPOTTY PAPER CUPS,48,12/1/2010 10:19,0.65,17511.0,United Kingdom
227,536390,227,21786,POLKADOT RAIN HAT ,144,12/1/2010 10:19,0.32,17511.0,United Kingdom
228,536390,228,22654,DELUXE SEWING KIT ,40,12/1/2010 10:19,4.95,17511.0,United Kingdom
229,536390,229,21485,RETROSPOT HEART HOT WATER BOTTLE,24,12/1/2010 10:19,4.25,17511.0,United Kingdom
230,536390,230,84029G,KNITTED UNION FLAG HOT WATER BOTTLE,24,12/1/2010 10:19,3.39,17511.0,United Kingdom
231,536390,231,84030E,ENGLISH ROSE HOT WATER BOTTLE,24,12/1/2010 10:19,3.75,17511.0,United Kingdom
232,536390,232,22174,PHOTO CUBE,48,12/1/2010 10:19,1.48,17511.0,United Kingdom
233,536390,233,22969,HOMEMADE JAM SCENTED CANDLES,96,12/1/2010 10:19,1.25,17511.0,United Kingdom
234,536390,234,85099B,JUMBO BAG RED RETROSPOT,100,12/1/2010 10:19,1.65,17511.0,United Kingdom
235,C536391,235,22556,PLASTERS IN TIN CIRCUS PARADE ,12,12/1/2010 10:24,1.65,17548.0,United Kingdom
236,C536391,236,21984,PACK OF 12 PINK PAISLEY TISSUES ,24,12/1/2010 10:24,0.29,17548.0,United Kingdom
237,C536391,237,21983,PACK OF 12 BLUE PAISLEY TISSUES ,24,12/1/2010 10:24,0.29,17548.0,United Kingdom
238,C536391,238,21980,PACK OF 12 RED RETROSPOT TISSUES ,24,12/1/2010 10:24,0.29,17548.0,United Kingdom
239,C536391,239,21484,CHICK GREY HOT WATER BOTTLE,12,12/1/2010 10:24,3.45,17548.0,United Kingdom
240,C536391,240,22557,PLASTERS IN TIN VINTAGE PAISLEY ,12,12/1/2010 10:24,1.65,17548.0,United Kingdom
241,C536391,241,22553,PLASTERS IN TIN SKULLS,24,12/1/2010 10:24,1.65,17548.0,United Kingdom
242,536392,242,22150,3 STRIPEY MICE FELTCRAFT,6,12/1/2010 10:29,1.95,13705.0,United Kingdom
243,536392,243,22619,SET OF 6 SOLDIER SKITTLES,4,12/1/2010 10:29,3.75,13705.0,United Kingdom
244,536392,244,21891,TRADITIONAL WOODEN SKIPPING ROPE,12,12/1/2010 10:29,1.25,13705.0,United Kingdom
245,536392,245,21889,WOODEN BOX OF DOMINOES,12,12/1/2010 10:29,1.25,13705.0,United Kingdom
246,536392,246,22827,RUSTIC  SEVENTEEN DRAWER SIDEBOARD,1,12/1/2010 10:29,165.0,13705.0,United Kingdom
247,536392,247,22127,PARTY CONES CARNIVAL ASSORTED,12,12/1/2010 10:29,1.25,13705.0,United Kingdom
248,536392,248,22128,PARTY CONES CANDY ASSORTED,12,12/1/2010 10:29,1.25,13705.0,United Kingdom
249,536392,249,22502,PICNIC BASKET WICKER SMALL,4,12/1/2010 10:29,5.95,13705.0,United Kingdom
250,536392,250,84879,ASSORTED COLOUR BIRD ORNAMENT,16,12/1/2010 10:29,1.69,13705.0,United Kingdom
251,536392,251,22338,STAR DECORATION PAINTED ZINC ,24,12/1/2010 10:29,0.65,13705.0,United Kingdom
252,536393,252,22180,RETROSPOT LAMP,8,12/1/2010 10:37,9.95,13747.0,United Kingdom
253,536394,253,21506,"FANCY FONT BIRTHDAY CARD, ",24,12/1/2010 10:39,0.42,13408.0,United Kingdom
254,536394,254,22633,HAND WARMER UNION JACK,96,12/1/2010 10:39,1.85,13408.0,United Kingdom
255,536394,255,22866,HAND WARMER SCOTTY DOG DESIGN,96,12/1/2010 10:39,1.85,13408.0,United Kingdom
256,536394,256,22865,HAND WARMER OWL DESIGN,96,12/1/2010 10:39,1.85,13408.0,United Kingdom
257,536394,257,22632,HAND WARMER RED RETROSPOT,96,12/1/2010 10:39,1.85,13408.0,United Kingdom
258,536394,258,21485,RETROSPOT HEART HOT WATER BOTTLE,12,12/1/2010 10:39,4.95,13408.0,United Kingdom
259,536394,259,22349,DOG BOWL CHASING BALL DESIGN,12,12/1/2010 10:39,3.75,13408.0,United Kingdom
260,536394,260,22558,CLOTHES PEGS RETROSPOT PACK 24 ,48,12/1/2010 10:39,1.25,13408.0,United Kingdom
261,536394,261,85152,HAND OVER THE CHOCOLATE   SIGN ,12,12/1/2010 10:39,2.1,13408.0,United Kingdom
262,536394,262,85123A,WHITE HANGING HEART T-LIGHT HOLDER,32,12/1/2010 10:39,2.55,13408.0,United Kingdom
263,536394,263,22652,TRAVEL SEWING KIT,20,12/1/2010 10:39,1.65,13408.0,United Kingdom
264,536395,264,22188,BLACK HEART CARD HOLDER,8,12/1/2010 10:47,3.95,13767.0,United Kingdom
265,536395,265,84879,ASSORTED COLOUR BIRD ORNAMENT,32,12/1/2010 10:47,1.69,13767.0,United Kingdom
266,536395,266,21977,PACK OF 60 PINK PAISLEY CAKE CASES,24,12/1/2010 10:47,0.55,13767.0,United Kingdom
267,536395,267,84991,60 TEATIME FAIRY CAKE CASES,24,12/1/2010 10:47,0.55,13767.0,United Kingdom
268,536395,268,21212,PACK OF 72 RETROSPOT CAKE CASES,24,12/1/2010 10:47,0.55,13767.0,United Kingdom
269,536395,269,21484,CHICK GREY HOT WATER BOTTLE,8,12/1/2010 10:47,3.45,13767.0,United Kingdom
270,536395,270,21314,SMALL GLASS HEART TRINKET POT,8,12/1/2010 10:47,2.1,13767.0,United Kingdom
271,536395,271,22730,ALARM CLOCK BAKELIKE IVORY,4,12/1/2010 10:47,3.75,13767.0,United Kingdom
272,536395,272,22727,ALARM CLOCK BAKELIKE RED ,8,12/1/2010 10:47,3.75,13767.0,United Kingdom
273,536395,273,22729,ALARM CLOCK BAKELIKE ORANGE,8,12/1/2010 10:47,3.75,13767.0,United Kingdom
274,536395,274,22726,ALARM CLOCK BAKELIKE GREEN,8,12/1/2010 10:47,3.75,13767.0,United Kingdom
275,536395,275,22114,HOT WATER BOTTLE TEA AND SYMPATHY,8,12/1/2010 10:47,3.95,13767.0,United Kingdom
276,536395,276,22867,HAND WARMER BIRD DESIGN,48,12/1/2010 10:47,2.1,13767.0,United Kingdom
277,536395,277,22866,HAND WARMER SCOTTY DOG DESIGN,48,12/1/2010 10:47,2.1,13767.0,United Kingdom
278,536396,278,85123A,WHITE HANGING HEART T-LIGHT HOLDER,6,12/1/2010 10:51,2.55,17850.0,United Kingdom
279,536396,279,71053,WHITE METAL LANTERN,6,12/1/2010 10:51,3.39,17850.0,United Kingdom
280,536396,280,84406B,CREAM CUPID HEARTS COAT HANGER,8,12/1/2010 10:51,2.75,17850.0,United Kingdom
281,536396,281,15056BL,EDWARDIAN PARASOL BLACK,6,12/1/2010 10:51,4.95,17850.0,United Kingdom
282,536396,282,20679,EDWARDIAN PARASOL RED,6,12/1/2010 10:51,4.95,17850.0,United Kingdom
283,536396,283,37370,RETRO COFFEE MUGS ASSORTED,6,12/1/2010 10:51,1.06,17850.0,United Kingdom
284,536396,284,21871,SAVE THE PLANET MUG,6,12/1/2010 10:51,1.06,17850.0,United Kingdom
285,536396,285,21071,VINTAGE BILLBOARD DRINK ME MUG,6,12/1/2010 10:51,1.06,17850.0,United Kingdom
286,536396,286,21068,VINTAGE BILLBOARD LOVE/HATE MUG,6,12/1/2010 10:51,1.06,17850.0,United Kingdom
287,536396,287,82483,WOOD 2 DRAWER CABINET WHITE FINISH,2,12/1/2010 10:51,4.95,17850.0,United Kingdom
288,536396,288,82486,WOOD S/3 CABINET ANT WHITE FINISH,4,12/1/2010 10:51,6.95,17850.0,United Kingdom
289,536396,289,82482,WOODEN PICTURE FRAME WHITE FINISH,6,12/1/2010 10:51,2.1,17850.0,United Kingdom
290,536396,290,82494L,WOODEN FRAME ANTIQUE WHITE ,12,12/1/2010 10:51,2.55,17850.0,United Kingdom
291,536396,291,84029G,KNITTED UNION FLAG HOT WATER BOTTLE,6,12/1/2010 10:51,3.39,17850.0,United Kingdom
292,536396,292,84029E,RED WOOLLY HOTTIE WHITE HEART.,6,12/1/2010 10:51,3.39,17850.0,United Kingdom
293,536396,293,22752,SET 7 BABUSHKA NESTING BOXES,2,12/1/2010 10:51,7.65,17850.0,United Kingdom
294,536396,294,22803,IVORY EMBROIDERED QUILT ,2,12/1/2010 10:51,35.75,17850.0,United Kingdom
295,536396,295,21730,GLASS STAR FROSTED T-LIGHT HOLDER,6,12/1/2010 10:51,4.25,17850.0,United Kingdom
296,536397,296,35004B,SET OF 3 BLACK FLYING DUCKS,12,12/1/2010 10:51,4.65,17924.0,United Kingdom
297,536397,297,35004C,SET OF 3 COLOURED  FLYING DUCKS,48,12/1/2010 10:51,4.65,17924.0,United Kingdom
298,536398,298,21980,PACK OF 12 RED RETROSPOT TISSUES ,24,12/1/2010 10:52,0.29,13448.0,United Kingdom
299,536398,299,21844,RED RETROSPOT MUG,6,12/1/2010 10:52,2.95,13448.0,United Kingdom
300,536398,300,22468,BABUSHKA LIGHTS STRING OF 10,4,12/1/2010 10:52,6.75,13448.0,United Kingdom
301,536398,301,22637,PIGGY BANK RETROSPOT ,8,12/1/2010 10:52,2.55,13448.0,United Kingdom
302,536398,302,22752,SET 7 BABUSHKA NESTING BOXES,6,12/1/2010 10:52,8.5,13448.0,United Kingdom
303,536398,303,48185,DOORMAT FAIRY CAKE,2,12/1/2010 10:52,7.95,13448.0,United Kingdom
304,536398,304,22632,HAND WARMER RED RETROSPOT,12,12/1/2010 10:52,2.1,13448.0,United Kingdom
305,536398,305,22866,HAND WARMER SCOTTY DOG DESIGN,12,12/1/2010 10:52,2.1,13448.0,United Kingdom
306,536398,306,22865,HAND WARMER OWL DESIGN,12,12/1/2010 10:52,2.1,13448.0,United Kingdom
307,536398,307,21232,STRAWBERRY CERAMIC TRINKET BOX,12,12/1/2010 10:52,1.25,13448.0,United Kingdom
308,536398,308,22064,PINK DOUGHNUT TRINKET POT ,12,12/1/2010 10:52,1.65,13448.0,United Kingdom
309,536398,309,22449,SILK PURSE BABUSHKA PINK,6,12/1/2010 10:52,3.35,13448.0,United Kingdom
310,536398,310,22114,HOT WATER BOTTLE TEA AND SYMPATHY,4,12/1/2010 10:52,3.95,13448.0,United Kingdom
311,536398,311,22835,HOT WATER BOTTLE I AM SO POORLY,8,12/1/2010 10:52,4.65,13448.0,United Kingdom
312,536398,312,22112,CHOCOLATE HOT WATER BOTTLE,9,12/1/2010 10:52,4.95,13448.0,United Kingdom
313,536398,313,21479,WHITE SKULL HOT WATER BOTTLE ,4,12/1/2010 10:52,3.75,13448.0,United Kingdom
314,536398,314,22111,SCOTTIE DOG HOT WATER BOTTLE,9,12/1/2010 10:52,4.95,13448.0,United Kingdom
315,536399,315,22632,HAND WARMER RED POLKA DOT,6,12/1/2010 10:52,1.85,17850.0,United Kingdom
316,536399,316,22633,HAND WARMER UNION JACK,6,12/1/2010 10:52,1.85,17850.0,United Kingdom
317,536400,317,22969,HOMEMADE JAM SCENTED CANDLES,12,12/1/2010 10:53,1.45,13448.0,United Kingdom
318,536401,318,22110,BIRD HOUSE HOT WATER BOTTLE,1,12/1/2010 11:21,2.55,15862.0,United Kingdom
319,536401,319,22098,BOUDOIR SQUARE TISSUE BOX,1,12/1/2010 11:21,1.25,15862.0,United Kingdom
320,536401,320,22100,SKULLS SQUARE TISSUE BOX,2,12/1/2010 11:21,1.25,15862.0,United Kingdom
321,536401,321,22766,PHOTO FRAME CORNICE,1,12/1/2010 11:21,2.95,15862.0,United Kingdom
322,536401,322,22451,SILK PURSE BABUSHKA RED,1,12/1/2010 11:21,3.35,15862.0,United Kingdom
323,536401,323,22549,PICTURE DOMINOES,1,12/1/2010 11:21,1.45,15862.0,United Kingdom
324,536401,324,84744,S/6 SEW ON CROCHET FLOWERS,1,12/1/2010 11:21,1.25,15862.0,United Kingdom
325,536401,325,85049E,SCANDINAVIAN REDS RIBBONS,2,12/1/2010 11:21,1.25,15862.0,United Kingdom
326,536401,326,21328,BALLOONS  WRITING SET ,1,12/1/2010 11:21,1.65,15862.0,United Kingdom
327,536401,327,22961,JAM MAKING SET PRINTED,4,12/1/2010 11:21,1.45,15862.0,United Kingdom
328,536401,328,17091A,LAVENDER INCENSE IN TIN,1,12/1/2010 11:21,1.25,15862.0,United Kingdom
329,536401,329,22473,TV DINNER TRAY VINTAGE PAISLEY,1,12/1/2010 11:21,4.95,15862.0,United Kingdom
330,536401,330,84509A,SET OF 4 ENGLISH ROSE PLACEMATS,2,12/1/2010 11:21,3.75,15862.0,United Kingdom
331,536401,331,84510A,SET OF 4 ENGLISH ROSE COASTERS,2,12/1/2010 11:21,1.25,15862.0,United Kingdom
332,536401,332,22767,TRIPLE PHOTO FRAME CORNICE ,2,12/1/2010 11:21,9.95,15862.0,United Kingdom
333,536401,333,22768,FAMILY PHOTO FRAME CORNICE,1,12/1/2010 11:21,9.95,15862.0,United Kingdom
334,536401,334,21463,MIRRORED DISCO BALL ,1,12/1/2010 11:21,5.95,15862.0,United Kingdom
335,536401,335,21464,DISCO BALL ROTATOR BATTERY OPERATED,1,12/1/2010 11:21,4.25,15862.0,United Kingdom
336,536401,336,20820,SILVER LOOKING MIRROR,3,12/1/2010 11:21,4.95,15862.0,United Kingdom
337,536401,337,85150,LADIES & GENTLEMEN METAL SIGN,1,12/1/2010 11:21,2.55,15862.0,United Kingdom
338,536401,338,22117,METAL SIGN HER DINNER IS SERVED ,1,12/1/2010 11:21,2.95,15862.0,United Kingdom
339,536401,339,21169,YOU'RE CONFUSING ME METAL SIGN ,2,12/1/2010 11:21,1.69,15862.0,United Kingdom
340,536401,340,48129,DOORMAT TOPIARY,1,12/1/2010 11:21,7.95,15862.0,United Kingdom
341,536401,341,82580,BATHROOM METAL SIGN,1,12/1/2010 11:21,0.55,15862.0,United Kingdom
342,536401,342,82578,KITCHEN METAL SIGN,1,12/1/2010 11:21,0.55,15862.0,United Kingdom
343,536401,343,82581,TOILET METAL SIGN,2,12/1/2010 11:21,0.55,15862.0,United Kingdom
344,536401,344,22413,METAL SIGN TAKE IT OR LEAVE IT ,4,12/1/2010 11:21,2.95,15862.0,United Kingdom
345,536401,345,21907,I'M ON HOLIDAY METAL SIGN,2,12/1/2010 11:21,2.1,15862.0,United Kingdom
346,536401,346,22441,GROW YOUR OWN BASIL IN ENAMEL MUG,1,12/1/2010 11:21,2.1,15862.0,United Kingdom
347,536401,347,21122,SET/10 PINK POLKADOT PARTY CANDLES,1,12/1/2010 11:21,1.25,15862.0,United Kingdom
348,536401,348,22851,SET 20 NAPKINS FAIRY CAKES DESIGN ,1,12/1/2010 11:21,0.85,15862.0,United Kingdom
349,536401,349,84991,60 TEATIME FAIRY CAKE CASES,3,12/1/2010 11:21,0.55,15862.0,United Kingdom
350,536401,350,22810,SET OF 6 T-LIGHTS SNOWMEN,1,12/1/2010 11:21,2.95,15862.0,United Kingdom
351,536401,351,22809,SET OF 6 T-LIGHTS SANTA,1,12/1/2010 11:21,2.95,15862.0,United Kingdom
352,536401,352,22435,SET OF 9 HEART SHAPED BALLOONS,2,12/1/2010 11:21,1.25,15862.0,United Kingdom
353,536401,353,20966,SANDWICH BATH SPONGE,3,12/1/2010 11:21,1.25,15862.0,United Kingdom
354,536401,354,20963,APPLE BATH SPONGE,1,12/1/2010 11:21,1.25,15862.0,United Kingdom
355,536401,355,20961,STRAWBERRY BATH SPONGE ,1,12/1/2010 11:21,1.25,15862.0,United Kingdom
356,536401,356,22068,BLACK PIRATE TREASURE CHEST,2,12/1/2010 11:21,1.65,15862.0,United Kingdom
357,536401,357,21743,STAR PORTABLE TABLE LIGHT ,2,12/1/2010 11:21,2.95,15862.0,United Kingdom
358,536401,358,21744,SNOWFLAKE PORTABLE TABLE LIGHT ,2,12/1/2010 11:21,2.95,15862.0,United Kingdom
359,536401,359,84709B,PINK OVAL JEWELLED MIRROR,1,12/1/2010 11:21,5.95,15862.0,United Kingdom
360,536401,360,21592,RETROSPOT CIGAR BOX MATCHES ,1,12/1/2010 11:21,1.25,15862.0,United Kingdom
361,536401,361,21587,COSY HOUR GIANT TUBE MATCHES,2,12/1/2010 11:21,2.55,15862.0,United Kingdom
362,536401,362,20992,JAZZ HEARTS PURSE NOTEBOOK,9,12/1/2010 11:21,0.85,15862.0,United Kingdom
363,536401,363,22662,LUNCH BAG DOLLY GIRL DESIGN,1,12/1/2010 11:21,1.65,15862.0,United Kingdom
364,536401,364,85123A,WHITE HANGING HEART T-LIGHT HOLDER,4,12/1/2010 11:21,2.95,15862.0,United Kingdom
365,536401,365,22804,CANDLEHOLDER PINK HANGING HEART,3,12/1/2010 11:21,2.95,15862.0,United Kingdom
366,536401,366,82483,WOOD 2 DRAWER CABINET WHITE FINISH,1,12/1/2010 11:21,5.95,15862.0,United Kingdom
367,536401,367,20749,ASSORTED COLOUR MINI CASES,1,12/1/2010 11:21,7.95,15862.0,United Kingdom
368,536401,368,20725,LUNCH BAG RED RETROSPOT,1,12/1/2010 11:21,1.65,15862.0,United Kingdom
369,536401,369,22382,LUNCH BAG SPACEBOY DESIGN ,2,12/1/2010 11:21,1.65,15862.0,United Kingdom
370,536401,370,20726,LUNCH BAG WOODLAND,1,12/1/2010 11:21,1.65,15862.0,United Kingdom
371,536401,371,22384,LUNCH BAG PINK POLKADOT,1,12/1/2010 11:21,1.65,15862.0,United Kingdom
372,536401,372,22467,GUMBALL COAT RACK,5,12/1/2010 11:21,2.55,15862.0,United Kingdom
373,536401,373,84625C,BLUE NEW BAROQUE CANDLESTICK CANDLE,3,12/1/2010 11:21,2.95,15862.0,United Kingdom
374,536401,374,84625A,PINK NEW BAROQUECANDLESTICK CANDLE,3,12/1/2010 11:21,2.95,15862.0,United Kingdom
375,536401,375,21108,FAIRY CAKE FLANNEL ASSORTED COLOUR,9,12/1/2010 11:21,2.55,15862.0,United Kingdom
376,536401,376,22848,BREAD BIN DINER STYLE PINK,1,12/1/2010 11:21,16.95,15862.0,United Kingdom
377,536401,377,21033,JUMBO BAG CHARLIE AND LOLA TOYS,4,12/1/2010 11:21,2.95,15862.0,United Kingdom
378,536401,378,47570B,TEA TIME TABLE CLOTH,1,12/1/2010 11:21,10.65,15862.0,United Kingdom
379,536401,379,84030E,ENGLISH ROSE HOT WATER BOTTLE,1,12/1/2010 11:21,4.25,15862.0,United Kingdom
380,536401,380,22428,ENAMEL FIRE BUCKET CREAM,2,12/1/2010 11:21,6.95,15862.0,United Kingdom
381,536401,381,22502,PICNIC BASKET WICKER SMALL,2,12/1/2010 11:21,5.95,15862.0,United Kingdom
382,536402,382,22086,PAPER CHAIN KIT 50'S CHRISTMAS ,40,12/1/2010 11:22,2.55,15513.0,United Kingdom
383,536402,383,22910,PAPER CHAIN KIT VINTAGE CHRISTMAS,40,12/1/2010 11:22,2.55,15513.0,United Kingdom
384,536402,384,22837,HOT WATER BOTTLE BABUSHKA ,36,12/1/2010 11:22,4.25,15513.0,United Kingdom
385,536403,385,22867,HAND WARMER BIRD DESIGN,96,12/1/2010 11:27,1.85,12791.0,Netherlands
386,536403,386,POST,POSTAGE,1,12/1/2010 11:27,15.0,12791.0,Netherlands
387,536404,387,22297,HEART IVORY TRELLIS SMALL,24,12/1/2010 11:29,1.25,16218.0,United Kingdom
388,536404,388,22771,CLEAR DRAWER KNOB ACRYLIC EDWARDIAN,12,12/1/2010 11:29,1.25,16218.0,United Kingdom
389,536404,389,22772,PINK DRAWER KNOB ACRYLIC EDWARDIAN,12,12/1/2010 11:29,1.25,16218.0,United Kingdom
390,536404,390,22773,GREEN DRAWER KNOB ACRYLIC EDWARDIAN,12,12/1/2010 11:29,1.25,16218.0,United Kingdom
391,536404,391,22805,BLUE DRAWER KNOB ACRYLIC EDWARDIAN,12,12/1/2010 11:29,1.25,16218.0,United Kingdom
392,536404,392,22469,HEART OF WICKER SMALL,12,12/1/2010 11:29,1.65,16218.0,United Kingdom
393,536404,393,22197,SMALL POPCORN HOLDER,36,12/1/2010 11:29,0.85,16218.0,United Kingdom
394,536404,394,21125,SET 6 FOOTBALL CELEBRATION CANDLES,12,12/1/2010 11:29,1.25,16218.0,United Kingdom
395,536404,395,21126,SET OF 6 GIRLS CELEBRATION CANDLES,12,12/1/2010 11:29,1.25,16218.0,United Kingdom
396,536404,396,85049C,ROMANTIC PINKS RIBBONS ,12,12/1/2010 11:29,1.25,16218.0,United Kingdom
397,536404,397,85049D,BRIGHT BLUES RIBBONS ,12,12/1/2010 11:29,1.25,16218.0,United Kingdom
398,536404,398,85049E,SCANDINAVIAN REDS RIBBONS,12,12/1/2010 11:29,1.25,16218.0,United Kingdom
399,536404,399,85049G,CHOCOLATE BOX RIBBONS ,12,12/1/2010 11:29,1.25,16218.0,United Kingdom
400,536404,400,21061,PARTY INVITES FOOTBALL,12,12/1/2010 11:29,0.85,16218.0,United Kingdom
401,536404,401,21063,PARTY INVITES JAZZ HEARTS,12,12/1/2010 11:29,0.85,16218.0,United Kingdom
402,536404,402,21062,PARTY INVITES SPACEMAN,12,12/1/2010 11:29,0.85,16218.0,United Kingdom
403,536404,403,84380,SET OF 3 BUTTERFLY COOKIE CUTTERS,12,12/1/2010 11:29,1.25,16218.0,United Kingdom
404,536404,404,84378,SET OF 3 HEART COOKIE CUTTERS,12,12/1/2010 11:29,1.25,16218.0,United Kingdom
405,536404,405,22964,3 PIECE SPACEBOY COOKIE CUTTER SET,12,12/1/2010 11:29,2.1,16218.0,United Kingdom
406,536404,406,21213,PACK OF 72 SKULL CAKE CASES,24,12/1/2010 11:29,0.55,16218.0,United Kingdom
407,536404,407,22417,PACK OF 60 SPACEBOY CAKE CASES,24,12/1/2010 11:29,0.55,16218.0,United Kingdom
408,536404,408,21212,PACK OF 72 RETROSPOT CAKE CASES,24,12/1/2010 11:29,0.55,16218.0,United Kingdom
409,536404,409,84992,72 SWEETHEART FAIRY CAKE CASES,24,12/1/2010 11:29,0.55,16218.0,United Kingdom
410,536404,410,21975,PACK OF 60 DINOSAUR CAKE CASES,24,12/1/2010 11:29,0.55,16218.0,United Kingdom
411,536404,411,22383,LUNCH BAG SUKI  DESIGN ,10,12/1/2010 11:29,1.65,16218.0,United Kingdom
412,536404,412,20728,LUNCH BAG CARS BLUE,10,12/1/2010 11:29,1.65,16218.0,United Kingdom
413,536404,413,20727,LUNCH BAG  BLACK SKULL.,10,12/1/2010 11:29,1.65,16218.0,United Kingdom
414,536404,414,22296,HEART IVORY TRELLIS LARGE,24,12/1/2010 11:29,1.65,16218.0,United Kingdom
415,536405,415,20914,SET/5 RED RETROSPOT LID GLASS BOWLS,128,12/1/2010 11:32,2.55,14045.0,United Kingdom
416,536406,416,85123A,WHITE HANGING HEART T-LIGHT HOLDER,8,12/1/2010 11:33,2.55,17850.0,United Kingdom
417,536406,417,71053,WHITE METAL LANTERN,8,12/1/2010 11:33,3.39,17850.0,United Kingdom
418,536406,418,84406B,CREAM CUPID HEARTS COAT HANGER,8,12/1/2010 11:33,2.75,17850.0,United Kingdom
419,536406,419,20679,EDWARDIAN PARASOL RED,6,12/1/2010 11:33,4.95,17850.0,United Kingdom
420,536406,420,37370,RETRO COFFEE MUGS ASSORTED,6,12/1/2010 11:33,1.06,17850.0,United Kingdom
421,536406,421,21871,SAVE THE PLANET MUG,6,12/1/2010 11:33,1.06,17850.0,United Kingdom
422,536406,422,21071,VINTAGE BILLBOARD DRINK ME MUG,6,12/1/2010 11:33,1.06,17850.0,United Kingdom
423,536406,423,21068,VINTAGE BILLBOARD LOVE/HATE MUG,6,12/1/2010 11:33,1.06,17850.0,United Kingdom
424,536406,424,82483,WOOD 2 DRAWER CABINET WHITE FINISH,4,12/1/2010 11:33,4.95,17850.0,United Kingdom
425,536406,425,82486,WOOD S/3 CABINET ANT WHITE FINISH,4,12/1/2010 11:33,6.95,17850.0,United Kingdom
426,536406,426,82482,WOODEN PICTURE FRAME WHITE FINISH,6,12/1/2010 11:33,2.1,17850.0,United Kingdom
427,536406,427,82494L,WOODEN FRAME ANTIQUE WHITE ,6,12/1/2010 11:33,2.55,17850.0,United Kingdom
428,536406,428,84029G,KNITTED UNION FLAG HOT WATER BOTTLE,6,12/1/2010 11:33,3.39,17850.0,United Kingdom
429,536406,429,84029E,RED WOOLLY HOTTIE WHITE HEART.,6,12/1/2010 11:33,3.39,17850.0,United Kingdom
430,536406,430,22752,SET 7 BABUSHKA NESTING BOXES,2,12/1/2010 11:33,7.65,17850.0,United Kingdom
431,536406,431,22803,IVORY EMBROIDERED QUILT ,2,12/1/2010 11:33,35.75,17850.0,United Kingdom
432,536406,432,21730,GLASS STAR FROSTED T-LIGHT HOLDER,6,12/1/2010 11:33,4.25,17850.0,United Kingdom
433,536407,433,22632,HAND WARMER RED POLKA DOT,6,12/1/2010 11:34,1.85,17850.0,United Kingdom
434,536407,434,22633,HAND WARMER UNION JACK,6,12/1/2010 11:34,1.85,17850.0,United Kingdom
435,536408,435,22537,MAGIC DRAWING SLATE DINOSAUR,24,12/1/2010 11:41,0.42,14307.0,United Kingdom
436,536408,436,22533,MAGIC DRAWING SLATE BAKE A CAKE ,24,12/1/2010 11:41,0.42,14307.0,United Kingdom
437,536408,437,20982,12 PENCILS TALL TUBE SKULLS,12,12/1/2010 11:41,0.85,14307.0,United Kingdom
438,536408,438,21832,CHOCOLATE CALCULATOR,12,12/1/2010 11:41,1.65,14307.0,United Kingdom
439,536408,439,21915,RED  HARMONICA IN BOX ,12,12/1/2010 11:41,1.25,14307.0,United Kingdom
440,536408,440,21914,BLUE HARMONICA IN BOX ,12,12/1/2010 11:41,1.25,14307.0,United Kingdom
441,536408,441,21544,SKULLS  WATER TRANSFER TATTOOS ,12,12/1/2010 11:41,0.85,14307.0,United Kingdom
442,536408,442,22813,PACK 3 BOXES BIRD PANNETONE ,12,12/1/2010 11:41,1.95,14307.0,United Kingdom
443,536408,443,22114,HOT WATER BOTTLE TEA AND SYMPATHY,4,12/1/2010 11:41,3.95,14307.0,United Kingdom
444,536408,444,84029E,RED WOOLLY HOTTIE WHITE HEART.,4,12/1/2010 11:41,3.75,14307.0,United Kingdom
445,536408,445,21479,WHITE SKULL HOT WATER BOTTLE ,4,12/1/2010 11:41,3.75,14307.0,United Kingdom
446,536408,446,22964,3 PIECE SPACEBOY COOKIE CUTTER SET,6,12/1/2010 11:41,2.1,14307.0,United Kingdom
447,536408,447,84375,SET OF 20 KIDS COOKIE CUTTERS,12,12/1/2010 11:41,2.1,14307.0,United Kingdom
448,536408,448,22418,10 COLOUR SPACEBOY PEN,24,12/1/2010 11:41,0.85,14307.0,United Kingdom
449,536408,449,22178,VICTORIAN GLASS HANGING T-LIGHT,12,12/1/2010 11:41,1.25,14307.0,United Kingdom
450,536408,450,84970L,SINGLE HEART ZINC T-LIGHT HOLDER,12,12/1/2010 11:41,0.95,14307.0,United Kingdom
451,536408,451,21733,RED HANGING HEART T-LIGHT HOLDER,6,12/1/2010 11:41,2.95,14307.0,United Kingdom
452,536408,452,22465,HANGING METAL STAR LANTERN,12,12/1/2010 11:41,1.65,14307.0,United Kingdom
453,536408,453,84949,SILVER HANGING T-LIGHT HOLDER,6,12/1/2010 11:41,1.65,14307.0,United Kingdom
454,536408,454,20685,DOORMAT RED RETROSPOT,2,12/1/2010 11:41,7.95,14307.0,United Kingdom
455,536408,455,48194,DOORMAT HEARTS,2,12/1/2010 11:41,7.95,14307.0,United Kingdom
456,536408,456,22488,NATURAL SLATE RECTANGLE CHALKBOARD,12,12/1/2010 11:41,1.65,14307.0,United Kingdom
457,536408,457,22219,LOVEBIRD HANGING DECORATION WHITE ,12,12/1/2010 11:41,0.85,14307.0,United Kingdom
458,536408,458,84879,ASSORTED COLOUR BIRD ORNAMENT,8,12/1/2010 11:41,1.69,14307.0,United Kingdom
459,536408,459,21754,HOME BUILDING BLOCK WORD,3,12/1/2010 11:41,5.95,14307.0,United Kingdom
460,536408,460,21755,LOVE BUILDING BLOCK WORD,3,12/1/2010 11:41,5.95,14307.0,United Kingdom
461,536408,461,22766,PHOTO FRAME CORNICE,8,12/1/2010 11:41,2.95,14307.0,United Kingdom
462,536408,462,22610,PENS ASSORTED FUNNY FACE,36,12/1/2010 11:41,0.85,14307.0,United Kingdom
463,536408,463,22716,CARD CIRCUS PARADE,12,12/1/2010 11:41,0.42,14307.0,United Kingdom
464,536408,464,22706,WRAP COWBOYS  ,25,12/1/2010 11:41,0.42,14307.0,United Kingdom
465,536408,465,22371,AIRLINE BAG VINTAGE TOKYO 78,4,12/1/2010 11:41,4.25,14307.0,United Kingdom
466,536408,466,85014B,RED RETROSPOT UMBRELLA,3,12/1/2010 11:41,5.95,14307.0,United Kingdom
467,536408,467,85014A,BLACK/BLUE POLKADOT UMBRELLA,3,12/1/2010 11:41,5.95,14307.0,United Kingdom
468,536408,468,84997B,RED 3 PIECE RETROSPOT CUTLERY SET,6,12/1/2010 11:41,3.75,14307.0,United Kingdom
469,536408,469,21212,PACK OF 72 RETROSPOT CAKE CASES,24,12/1/2010 11:41,0.55,14307.0,United Kingdom
470,536408,470,21210,SET OF 72 RETROSPOT PAPER  DOILIES,12,12/1/2010 11:41,1.45,14307.0,United Kingdom
471,536408,471,22914,BLUE COAT RACK PARIS FASHION,3,12/1/2010 11:41,4.95,14307.0,United Kingdom
472,536408,472,22553,PLASTERS IN TIN SKULLS,12,12/1/2010 11:41,1.65,14307.0,United Kingdom
473,536408,473,16237,SLEEPING CAT ERASERS,30,12/1/2010 11:41,0.21,14307.0,United Kingdom
474,536408,474,22714,CARD BIRTHDAY COWBOY,12,12/1/2010 11:41,0.42,14307.0,United Kingdom
475,536408,475,22812,PACK 3 BOXES CHRISTMAS PANNETONE,12,12/1/2010 11:41,1.95,14307.0,United Kingdom
476,536408,476,84347,ROTATING SILVER ANGELS T-LIGHT HLDR,6,12/1/2010 11:41,2.55,14307.0,United Kingdom
477,536408,477,21587,COSY HOUR GIANT TUBE MATCHES,12,12/1/2010 11:41,2.55,14307.0,United Kingdom
478,536408,478,22736,RIBBON REEL MAKING SNOWMEN ,10,12/1/2010 11:41,1.65,14307.0,United Kingdom
479,536408,479,22492,MINI PAINT SET VINTAGE ,36,12/1/2010 11:41,0.65,14307.0,United Kingdom
480,536408,480,22620,4 TRADITIONAL SPINNING TOPS,12,12/1/2010 11:41,1.25,14307.0,United Kingdom
481,536408,481,22619,SET OF 6 SOLDIER SKITTLES,4,12/1/2010 11:41,3.75,14307.0,United Kingdom
482,536408,482,21705,BAG 500g SWIRLY MARBLES,12,12/1/2010 11:41,1.65,14307.0,United Kingdom
483,536409,483,90199C,5 STRAND GLASS NECKLACE CRYSTAL,3,12/1/2010 11:45,6.35,17908.0,United Kingdom
484,536409,484,21479,WHITE SKULL HOT WATER BOTTLE ,1,12/1/2010 11:45,3.75,17908.0,United Kingdom
485,536409,485,22111,SCOTTIE DOG HOT WATER BOTTLE,1,12/1/2010 11:45,4.95,17908.0,United Kingdom
486,536409,486,22785,SQUARECUSHION COVER PINK UNION FLAG,1,12/1/2010 11:45,6.75,17908.0,United Kingdom
487,536409,487,22975,SPACEBOY CHILDRENS EGG CUP,1,12/1/2010 11:45,1.25,17908.0,United Kingdom
488,536409,488,22972,CHILDREN'S SPACEBOY MUG,1,12/1/2010 11:45,1.65,17908.0,United Kingdom
489,536409,489,22866,HAND WARMER SCOTTY DOG DESIGN,1,12/1/2010 11:45,2.1,17908.0,United Kingdom
490,536409,490,22568,FELTCRAFT CUSHION OWL,1,12/1/2010 11:45,3.75,17908.0,United Kingdom
491,536409,491,85116,BLACK CANDELABRA T-LIGHT HOLDER,1,12/1/2010 11:45,2.1,17908.0,United Kingdom
492,536409,492,22664,TOY TIDY DOLLY GIRL DESIGN,1,12/1/2010 11:45,2.1,17908.0,United Kingdom
493,536409,493,21609,SET 12 LAVENDER  BOTANICAL T-LIGHTS,1,12/1/2010 11:45,2.95,17908.0,United Kingdom
494,536409,494,21866,UNION JACK FLAG LUGGAGE TAG,1,12/1/2010 11:45,1.25,17908.0,United Kingdom
495,536409,495,20669,RED HEART LUGGAGE TAG,1,12/1/2010 11:45,1.25,17908.0,United Kingdom
496,536409,496,90129F,RED GLASS TASSLE BAG CHARM,1,12/1/2010 11:45,2.95,17908.0,United Kingdom
497,536409,497,90210B,CLEAR ACRYLIC FACETED BANGLE,1,12/1/2010 11:45,2.95,17908.0,United Kingdom
498,536409,498,90199C,5 STRAND GLASS NECKLACE CRYSTAL,1,12/1/2010 11:45,6.35,17908.0,United Kingdom
499,536409,499,21955,DOORMAT UNION JACK GUNS AND ROSES,1,12/1/2010 11:45,7.95,17908.0,United Kingdom
500,536409,500,72802C,VANILLA SCENT CANDLE JEWELLED BOX,1,12/1/2010 11:45,4.25,17908.0,United Kingdom
501,536409,501,22109,FULL ENGLISH BREAKFAST PLATE,1,12/1/2010 11:45,3.75,17908.0,United Kingdom
502,536409,502,85116,BLACK CANDELABRA T-LIGHT HOLDER,5,12/1/2010 11:45,2.1,17908.0,United Kingdom
503,536409,503,22531,MAGIC DRAWING SLATE CIRCUS PARADE  ,1,12/1/2010 11:45,0.42,17908.0,United Kingdom
504,536409,504,21811,CHRISTMAS HANGING HEART WITH BELL,1,12/1/2010 11:45,1.25,17908.0,United Kingdom
505,536409,505,22183,CAKE STAND VICTORIAN FILIGREE MED,1,12/1/2010 11:45,6.75,17908.0,United Kingdom
506,536409,506,21678,PAISLEY PATTERN  STICKERS,6,12/1/2010 11:45,0.85,17908.0,United Kingdom
507,536409,507,21676,FLOWERS  STICKERS,6,12/1/2010 11:45,0.85,17908.0,United Kingdom
508,536409,508,84625A,PINK NEW BAROQUECANDLESTICK CANDLE,1,12/1/2010 11:45,2.95,17908.0,United Kingdom
509,536409,509,84625C,BLUE NEW BAROQUE CANDLESTICK CANDLE,3,12/1/2010 11:45,2.95,17908.0,United Kingdom
510,536409,510,21931,JUMBO STORAGE BAG SUKI,2,12/1/2010 11:45,1.95,17908.0,United Kingdom
511,536409,511,85169B,BLACK LOVE BIRD CANDLE,12,12/1/2010 11:45,1.25,17908.0,United Kingdom
512,536409,512,16238,PARTY TIME PENCIL ERASERS,28,12/1/2010 11:45,0.21,17908.0,United Kingdom
513,536409,513,20668,DISCO BALL CHRISTMAS DECORATION,24,12/1/2010 11:45,0.12,17908.0,United Kingdom
514,536409,514,84906,PINK B'FLY C/COVER W BOBBLES,1,12/1/2010 11:45,5.95,17908.0,United Kingdom
515,536409,515,21867,PINK UNION JACK  LUGGAGE TAG,1,12/1/2010 11:45,1.25,17908.0,United Kingdom
516,536409,516,22075,6 RIBBONS ELEGANT CHRISTMAS ,1,12/1/2010 11:45,1.65,17908.0,United Kingdom
517,536409,517,21866,UNION JACK FLAG LUGGAGE TAG,1,12/1/2010 11:45,1.25,17908.0,United Kingdom
518,536409,518,21326,AGED GLASS SILVER T-LIGHT HOLDER,12,12/1/2010 11:45,0.65,17908.0,United Kingdom
519,536409,519,21065,BOOM BOX SPEAKER GIRLS,1,12/1/2010 11:45,5.95,17908.0,United Kingdom
520,536409,520,22074,6 RIBBONS SHIMMERING PINKS ,1,12/1/2010 11:45,1.65,17908.0,United Kingdom
521,536409,521,22900, SET 2 TEA TOWELS I LOVE LONDON ,1,12/1/2010 11:45,2.95,17908.0,United Kingdom
522,536409,522,20713,JUMBO BAG OWLS,1,12/1/2010 11:45,1.95,17908.0,United Kingdom
523,536409,523,20966,SANDWICH BATH SPONGE,2,12/1/2010 11:45,1.25,17908.0,United Kingdom
524,536409,524,21116,OWL DOORSTOP,1,12/1/2010 11:45,4.95,17908.0,United Kingdom
525,536409,525,90199C,5 STRAND GLASS NECKLACE CRYSTAL,2,12/1/2010 11:45,6.35,17908.0,United Kingdom
526,536409,526,22633,HAND WARMER UNION JACK,1,12/1/2010 11:45,2.1,17908.0,United Kingdom
527,536409,527,22866,HAND WARMER SCOTTY DOG DESIGN,1,12/1/2010 11:45,2.1,17908.0,United Kingdom
528,536409,528,22198,LARGE POPCORN HOLDER ,1,12/1/2010 11:45,1.65,17908.0,United Kingdom
529,536409,529,21824,PAINTED METAL STAR WITH HOLLY BELLS,3,12/1/2010 11:45,1.45,17908.0,United Kingdom
530,536409,530,21823,PAINTED METAL HEART WITH HOLLY BELL,3,12/1/2010 11:45,1.45,17908.0,United Kingdom
531,536409,531,22153,ANGEL DECORATION STARS ON DRESS,6,12/1/2010 11:45,0.42,17908.0,United Kingdom
532,536409,532,22197,SMALL POPCORN HOLDER,2,12/1/2010 11:45,0.85,17908.0,United Kingdom
533,536409,533,85099B,JUMBO BAG RED RETROSPOT,2,12/1/2010 11:45,1.95,17908.0,United Kingdom
534,536409,534,85099F,JUMBO BAG STRAWBERRY,1,12/1/2010 11:45,1.95,17908.0,United Kingdom
535,536409,535,20717,STRAWBERRY SHOPPER BAG,1,12/1/2010 11:45,1.25,17908.0,United Kingdom
536,536409,536,20723,STRAWBERRY CHARLOTTE BAG,1,12/1/2010 11:45,0.85,17908.0,United Kingdom
537,536409,537,22900, SET 2 TEA TOWELS I LOVE LONDON ,1,12/1/2010 11:45,2.95,17908.0,United Kingdom
538,536409,538,21980,PACK OF 12 RED RETROSPOT TISSUES ,12,12/1/2010 11:45,0.29,17908.0,United Kingdom
539,536409,539,22111,SCOTTIE DOG HOT WATER BOTTLE,1,12/1/2010 11:45,4.95,17908.0,United Kingdom
540,536409,540,22112,CHOCOLATE HOT WATER BOTTLE,1,12/1/2010 11:45,4.95,17908.0,United Kingdom
541,536412,541,20728,LUNCH BAG CARS BLUE,3,12/1/2010 11:49,1.65,17920.0,United Kingdom
542,536412,542,22382,LUNCH BAG SPACEBOY DESIGN ,3,12/1/2010 11:49,1.65,17920.0,United Kingdom
543,536412,543,22326,ROUND SNACK BOXES SET OF4 WOODLAND ,1,12/1/2010 11:49,2.95,17920.0,United Kingdom
544,536412,544,22662,LUNCH BAG DOLLY GIRL DESIGN,4,12/1/2010 11:49,1.65,17920.0,United Kingdom
545,536412,545,22383,LUNCH BAG SUKI  DESIGN ,3,12/1/2010 11:49,1.65,17920.0,United Kingdom
546,536412,546,20727,LUNCH BAG  BLACK SKULL.,3,12/1/2010 11:49,1.65,17920.0,United Kingdom
547,536412,547,22328,ROUND SNACK BOXES SET OF 4 FRUITS ,1,12/1/2010 11:49,2.95,17920.0,United Kingdom
548,536412,548,22327,ROUND SNACK BOXES SET OF 4 SKULLS,1,12/1/2010 11:49,2.95,17920.0,United Kingdom
549,536412,549,22630,DOLLY GIRL LUNCH BOX,1,12/1/2010 11:49,1.95,17920.0,United Kingdom
550,536412,550,22629,SPACEBOY LUNCH BOX ,1,12/1/2010 11:49,1.95,17920.0,United Kingdom
551,536412,551,21245,GREEN POLKADOT PLATE ,1,12/1/2010 11:49,1.69,17920.0,United Kingdom
552,536412,552,21244,BLUE POLKADOT PLATE ,1,12/1/2010 11:49,1.69,17920.0,United Kingdom
553,536412,553,21242,RED RETROSPOT PLATE ,1,12/1/2010 11:49,1.69,17920.0,United Kingdom
554,536412,554,21243,PINK  POLKADOT PLATE ,1,12/1/2010 11:49,1.69,17920.0,United Kingdom
555,536412,555,22327,ROUND SNACK BOXES SET OF 4 SKULLS,1,12/1/2010 11:49,2.95,17920.0,United Kingdom
556,536412,556,22273,FELTCRAFT DOLL MOLLY,1,12/1/2010 11:49,2.95,17920.0,United Kingdom
557,536412,557,22940,FELTCRAFT CHRISTMAS FAIRY,3,12/1/2010 11:49,4.25,17920.0,United Kingdom
558,536412,558,22652,TRAVEL SEWING KIT,5,12/1/2010 11:49,1.65,17920.0,United Kingdom
559,536412,559,22759,SET OF 3 NOTEBOOKS IN PARCEL,1,12/1/2010 11:49,1.65,17920.0,United Kingdom
560,536412,560,21880,RED RETROSPOT TAPE,10,12/1/2010 11:49,0.65,17920.0,United Kingdom
561,536412,561,21738,COSY SLIPPER SHOES SMALL  RED ,1,12/1/2010 11:49,2.95,17920.0,United Kingdom
562,536412,562,22077,6 RIBBONS RUSTIC CHARM,1,12/1/2010 11:49,1.65,17920.0,United Kingdom
563,536412,563,85049E,SCANDINAVIAN REDS RIBBONS,3,12/1/2010 11:49,1.25,17920.0,United Kingdom
564,536412,564,22961,JAM MAKING SET PRINTED,24,12/1/2010 11:49,1.45,17920.0,United Kingdom
565,536412,565,21448,12 DAISY PEGS IN WOOD BOX,2,12/1/2010 11:49,1.65,17920.0,United Kingdom
566,536412,566,22837,HOT WATER BOTTLE BABUSHKA ,3,12/1/2010 11:49,4.65,17920.0,United Kingdom
567,536412,567,22749,FELTCRAFT PRINCESS CHARLOTTE DOLL,2,12/1/2010 11:49,3.75,17920.0,United Kingdom
568,536412,568,22940,FELTCRAFT CHRISTMAS FAIRY,1,12/1/2010 11:49,4.25,17920.0,United Kingdom
569,536412,569,22749,FELTCRAFT PRINCESS CHARLOTTE DOLL,1,12/1/2010 11:49,3.75,17920.0,United Kingdom
570,536412,570,22077,6 RIBBONS RUSTIC CHARM,2,12/1/2010 11:49,1.65,17920.0,United Kingdom
571,536412,571,21738,COSY SLIPPER SHOES SMALL  RED ,2,12/1/2010 11:49,2.95,17920.0,United Kingdom
572,536412,572,85049E,SCANDINAVIAN REDS RIBBONS,1,12/1/2010 11:49,1.25,17920.0,United Kingdom
573,536412,573,22243,5 HOOK HANGER RED MAGIC TOADSTOOL,6,12/1/2010 11:49,1.65,17920.0,United Kingdom
574,536412,574,22141,CHRISTMAS CRAFT TREE TOP ANGEL,1,12/1/2010 11:49,2.1,17920.0,United Kingdom
575,536412,575,22144,CHRISTMAS CRAFT LITTLE FRIENDS,2,12/1/2010 11:49,2.1,17920.0,United Kingdom
576,536412,576,22243,5 HOOK HANGER RED MAGIC TOADSTOOL,3,12/1/2010 11:49,1.65,17920.0,United Kingdom
577,536412,577,22077,6 RIBBONS RUSTIC CHARM,7,12/1/2010 11:49,1.65,17920.0,United Kingdom
578,536412,578,21448,12 DAISY PEGS IN WOOD BOX,1,12/1/2010 11:49,1.65,17920.0,United Kingdom
579,536412,579,22759,SET OF 3 NOTEBOOKS IN PARCEL,5,12/1/2010 11:49,1.65,17920.0,United Kingdom
580,536412,580,22242,5 HOOK HANGER MAGIC TOADSTOOL,5,12/1/2010 11:49,1.65,17920.0,United Kingdom
581,536412,581,85049E,SCANDINAVIAN REDS RIBBONS,12,12/1/2010 11:49,1.25,17920.0,United Kingdom
582,536412,582,21731,RED TOADSTOOL LED NIGHT LIGHT,5,12/1/2010 11:49,1.65,17920.0,United Kingdom
583,536412,583,22243,5 HOOK HANGER RED MAGIC TOADSTOOL,1,12/1/2010 11:49,1.65,17920.0,United Kingdom
584,536412,584,21739,COSY SLIPPER SHOES SMALL GREEN,2,12/1/2010 11:49,2.95,17920.0,United Kingdom
585,536412,585,21738,COSY SLIPPER SHOES SMALL  RED ,5,12/1/2010 11:49,2.95,17920.0,United Kingdom
586,536412,586,22271,FELTCRAFT DOLL ROSIE,2,12/1/2010 11:49,2.95,17920.0,United Kingdom
587,536412,587,22273,FELTCRAFT DOLL MOLLY,1,12/1/2010 11:49,2.95,17920.0,United Kingdom
588,536412,588,22274,FELTCRAFT DOLL EMILY,2,12/1/2010 11:49,2.95,17920.0,United Kingdom
589,536412,589,22749,FELTCRAFT PRINCESS CHARLOTTE DOLL,1,12/1/2010 11:49,3.75,17920.0,United Kingdom
590,536412,590,22751,FELTCRAFT PRINCESS OLIVIA DOLL,2,12/1/2010 11:49,3.75,17920.0,United Kingdom
591,536412,591,21034,REX CASH+CARRY JUMBO SHOPPER,1,12/1/2010 11:49,0.95,17920.0,United Kingdom
592,536412,592,22273,FELTCRAFT DOLL MOLLY,2,12/1/2010 11:49,2.95,17920.0,United Kingdom
593,536412,593,22568,FELTCRAFT CUSHION OWL,3,12/1/2010 11:49,3.75,17920.0,United Kingdom
594,536412,594,22141,CHRISTMAS CRAFT TREE TOP ANGEL,1,12/1/2010 11:49,2.1,17920.0,United Kingdom
595,536412,595,22144,CHRISTMAS CRAFT LITTLE FRIENDS,1,12/1/2010 11:49,2.1,17920.0,United Kingdom
596,536412,596,22570,FELTCRAFT CUSHION RABBIT,3,12/1/2010 11:49,3.75,17920.0,United Kingdom
597,536412,597,22569,FELTCRAFT CUSHION BUTTERFLY,2,12/1/2010 11:49,3.75,17920.0,United Kingdom
598,536412,598,21448,12 DAISY PEGS IN WOOD BOX,1,12/1/2010 11:49,1.65,17920.0,United Kingdom
599,536412,599,22086,PAPER CHAIN KIT 50'S CHRISTMAS ,1,12/1/2010 11:49,2.95,17920.0,United Kingdom
600,536412,600,22569,FELTCRAFT CUSHION BUTTERFLY,2,12/1/2010 11:49,3.75,17920.0,United Kingdom
601,536412,601,21448,12 DAISY PEGS IN WOOD BOX,2,12/1/2010 11:49,1.65,17920.0,United Kingdom
602,536412,602,22968,ROSE COTTAGE KEEPSAKE BOX ,4,12/1/2010 11:49,9.95,17920.0,United Kingdom
603,536412,603,22902,TOTE BAG I LOVE LONDON,7,12/1/2010 11:49,2.1,17920.0,United Kingdom
604,536412,604,21448,12 DAISY PEGS IN WOOD BOX,2,12/1/2010 11:49,1.65,17920.0,United Kingdom
605,536412,605,22902,TOTE BAG I LOVE LONDON,7,12/1/2010 11:49,2.1,17920.0,United Kingdom
606,536412,606,21710,FOLDING UMBRELLA PINKWHITE POLKADOT,1,12/1/2010 11:49,4.95,17920.0,United Kingdom
607,536412,607,21708,FOLDING UMBRELLA CREAM POLKADOT,1,12/1/2010 11:49,4.95,17920.0,United Kingdom
608,536412,608,21711,FOLDING UMBRELLA WHITE/RED POLKADOT,1,12/1/2010 11:49,4.95,17920.0,United Kingdom
609,536412,609,22179,SET 10 LIGHTS NIGHT OWL,2,12/1/2010 11:49,6.75,17920.0,United Kingdom
610,536412,610,22197,SMALL POPCORN HOLDER,5,12/1/2010 11:49,0.85,17920.0,United Kingdom
611,536412,611,22900, SET 2 TEA TOWELS I LOVE LONDON ,2,12/1/2010 11:49,2.95,17920.0,United Kingdom
612,536412,612,21706,FOLDING UMBRELLA RED/WHITE POLKADOT,1,12/1/2010 11:49,4.95,17920.0,United Kingdom
613,536412,613,22468,BABUSHKA LIGHTS STRING OF 10,2,12/1/2010 11:49,6.75,17920.0,United Kingdom
614,536412,614,20725,LUNCH BAG RED RETROSPOT,1,12/1/2010 11:49,1.65,17920.0,United Kingdom
615,536412,615,85184C,S/4 VALENTINE DECOUPAGE HEART BOX,1,12/1/2010 11:49,2.95,17920.0,United Kingdom
616,536412,616,21708,FOLDING UMBRELLA CREAM POLKADOT,1,12/1/2010 11:49,4.95,17920.0,United Kingdom
617,536412,617,22900, SET 2 TEA TOWELS I LOVE LONDON ,2,12/1/2010 11:49,2.95,17920.0,United Kingdom
618,536412,618,21706,FOLDING UMBRELLA RED/WHITE POLKADOT,1,12/1/2010 11:49,4.95,17920.0,United Kingdom
619,536412,619,22988,SOLDIERS EGG CUP ,6,12/1/2010 11:49,1.25,17920.0,United Kingdom
620,536412,620,85184C,S/4 VALENTINE DECOUPAGE HEART BOX,1,12/1/2010 11:49,2.95,17920.0,United Kingdom
621,536412,621,20750,RED RETROSPOT MINI CASES,1,12/1/2010 11:49,7.95,17920.0,United Kingdom
622,536414,622,22139,,56,12/1/2010 11:52,0.0,,United Kingdom
623,536415,623,22952,60 CAKE CASES VINTAGE CHRISTMAS,10,12/1/2010 11:57,0.55,12838.0,United Kingdom
624,536415,624,22910,PAPER CHAIN KIT VINTAGE CHRISTMAS,5,12/1/2010 11:57,2.95,12838.0,United Kingdom
625,536415,625,22739,RIBBON REEL CHRISTMAS SOCK BAUBLE,3,12/1/2010 11:57,1.65,12838.0,United Kingdom
626,536415,626,22738,RIBBON REEL SNOWY VILLAGE,3,12/1/2010 11:57,1.65,12838.0,United Kingdom
627,536415,627,22736,RIBBON REEL MAKING SNOWMEN ,3,12/1/2010 11:57,1.65,12838.0,United Kingdom
628,536415,628,22909,SET OF 20 VINTAGE CHRISTMAS NAPKINS,5,12/1/2010 11:57,0.85,12838.0,United Kingdom
629,536415,629,35591T,TURQUOISE CHRISTMAS TREE ,2,12/1/2010 11:57,1.25,12838.0,United Kingdom
630,536415,630,22186,RED STAR CARD HOLDER,5,12/1/2010 11:57,2.95,12838.0,United Kingdom
631,536415,631,22695,WICKER WREATH SMALL,3,12/1/2010 11:57,1.45,12838.0,United Kingdom
632,536415,632,22470,HEART OF WICKER LARGE,1,12/1/2010 11:57,2.95,12838.0,United Kingdom
633,536415,633,22580,ADVENT CALENDAR GINGHAM SACK,1,12/1/2010 11:57,5.95,12838.0,United Kingdom
634,536415,634,22469,HEART OF WICKER SMALL,5,12/1/2010 11:57,1.65,12838.0,United Kingdom
635,536415,635,22147,FELTCRAFT BUTTERFLY HEARTS,4,12/1/2010 11:57,1.45,12838.0,United Kingdom
636,536415,636,22130,PARTY CONE CHRISTMAS DECORATION ,6,12/1/2010 11:57,0.85,12838.0,United Kingdom
637,536415,637,21791,VINTAGE HEADS AND TAILS CARD GAME ,3,12/1/2010 11:57,1.25,12838.0,United Kingdom
638,536415,638,22694,WICKER STAR ,5,12/1/2010 11:57,2.1,12838.0,United Kingdom
639,536415,639,21790,VINTAGE SNAP CARDS,3,12/1/2010 11:57,0.85,12838.0,United Kingdom
640,536415,640,22149,FELTCRAFT 6 FLOWER FRIENDS,4,12/1/2010 11:57,2.1,12838.0,United Kingdom
641,536415,641,22900, SET 2 TEA TOWELS I LOVE LONDON ,3,12/1/2010 11:57,2.95,12838.0,United Kingdom
642,536415,642,22961,JAM MAKING SET PRINTED,3,12/1/2010 11:57,1.45,12838.0,United Kingdom
643,536415,643,22321,BIRD DECORATION RED RETROSPOT,12,12/1/2010 11:57,0.85,12838.0,United Kingdom
644,536415,644,22594,CHRISTMAS GINGHAM TREE,5,12/1/2010 11:57,0.85,12838.0,United Kingdom
645,536415,645,22593,CHRISTMAS GINGHAM STAR,4,12/1/2010 11:57,0.85,12838.0,United Kingdom
646,536415,646,22595,CHRISTMAS GINGHAM HEART,6,12/1/2010 11:57,0.85,12838.0,United Kingdom
647,536415,647,21986,PACK OF 12 PINK POLKADOT TISSUES,12,12/1/2010 11:57,0.29,12838.0,United Kingdom
648,536415,648,22750,FELTCRAFT PRINCESS LOLA DOLL,2,12/1/2010 11:57,3.75,12838.0,United Kingdom
649,536415,649,22616,PACK OF 12 LONDON TISSUES ,12,12/1/2010 11:57,0.29,12838.0,United Kingdom
650,536415,650,22775,PURPLE DRAWERKNOB ACRYLIC EDWARDIAN,1,12/1/2010 11:57,1.25,12838.0,United Kingdom
651,536415,651,22899,CHILDREN'S APRON DOLLY GIRL ,2,12/1/2010 11:57,2.1,12838.0,United Kingdom
652,536415,652,22367,CHILDRENS APRON SPACEBOY DESIGN,3,12/1/2010 11:57,1.95,12838.0,United Kingdom
653,536415,653,22942,CHRISTMAS LIGHTS 10 SANTAS ,3,12/1/2010 11:57,8.5,12838.0,United Kingdom
654,536415,654,22941,CHRISTMAS LIGHTS 10 REINDEER,3,12/1/2010 11:57,8.5,12838.0,United Kingdom
655,536415,655,22086,PAPER CHAIN KIT 50'S CHRISTMAS ,6,12/1/2010 11:57,2.95,12838.0,United Kingdom
656,536415,656,22940,FELTCRAFT CHRISTMAS FAIRY,2,12/1/2010 11:57,4.25,12838.0,United Kingdom
657,536415,657,21212,PACK OF 72 RETROSPOT CAKE CASES,2,12/1/2010 11:57,0.55,12838.0,United Kingdom
658,536415,658,21976,PACK OF 60 MUSHROOM CAKE CASES,2,12/1/2010 11:57,0.55,12838.0,United Kingdom
659,536415,659,22951,60 CAKE CASES DOLLY GIRL DESIGN,2,12/1/2010 11:57,0.55,12838.0,United Kingdom
660,536415,660,21977,PACK OF 60 PINK PAISLEY CAKE CASES,3,12/1/2010 11:57,0.55,12838.0,United Kingdom
661,536415,661,22834,HAND WARMER BABUSHKA DESIGN,3,12/1/2010 11:57,2.1,12838.0,United Kingdom
662,536415,662,22867,HAND WARMER BIRD DESIGN,3,12/1/2010 11:57,2.1,12838.0,United Kingdom
663,536415,663,22865,HAND WARMER OWL DESIGN,3,12/1/2010 11:57,2.1,12838.0,United Kingdom
664,536415,664,22632,HAND WARMER RED RETROSPOT,3,12/1/2010 11:57,2.1,12838.0,United Kingdom
665,536415,665,21916,SET 12 RETRO WHITE CHALK STICKS,2,12/1/2010 11:57,0.42,12838.0,United Kingdom
666,536415,666,22587,FELTCRAFT HAIRBAND RED AND BLUE,4,12/1/2010 11:57,0.85,12838.0,United Kingdom
667,536415,667,22566,FELTCRAFT HAIRBAND PINK AND PURPLE,3,12/1/2010 11:57,0.85,12838.0,United Kingdom
668,536415,668,22565,FELTCRAFT HAIRBANDS PINK AND WHITE ,3,12/1/2010 11:57,0.85,12838.0,United Kingdom
669,536415,669,22472,TV DINNER TRAY DOLLY GIRL,2,12/1/2010 11:57,4.95,12838.0,United Kingdom
670,536415,670,22557,PLASTERS IN TIN VINTAGE PAISLEY ,3,12/1/2010 11:57,1.65,12838.0,United Kingdom
671,536415,671,22551,PLASTERS IN TIN SPACEBOY,3,12/1/2010 11:57,1.65,12838.0,United Kingdom
672,536415,672,22554,PLASTERS IN TIN WOODLAND ANIMALS,3,12/1/2010 11:57,1.65,12838.0,United Kingdom
673,536415,673,22534,MAGIC DRAWING SLATE SPACEBOY ,3,12/1/2010 11:57,0.42,12838.0,United Kingdom
674,536415,674,22531,MAGIC DRAWING SLATE CIRCUS PARADE  ,3,12/1/2010 11:57,0.42,12838.0,United Kingdom
675,536415,675,22529,MAGIC DRAWING SLATE GO TO THE FAIR ,3,12/1/2010 11:57,0.42,12838.0,United Kingdom
676,536415,676,22530,MAGIC DRAWING SLATE DOLLY GIRL ,3,12/1/2010 11:57,0.42,12838.0,United Kingdom
677,536415,677,84032B,CHARLIE + LOLA RED HOT WATER BOTTLE,3,12/1/2010 11:57,2.95,12838.0,United Kingdom
678,536415,678,22837,HOT WATER BOTTLE BABUSHKA ,3,12/1/2010 11:57,4.65,12838.0,United Kingdom
679,536415,679,85049H,URBAN BLACK RIBBONS ,2,12/1/2010 11:57,1.25,12838.0,United Kingdom
680,536415,680,22749,FELTCRAFT PRINCESS CHARLOTTE DOLL,2,12/1/2010 11:57,3.75,12838.0,United Kingdom
681,536415,681,22807,SET OF 6 T-LIGHTS TOADSTOOLS,12,12/1/2010 11:57,2.95,12838.0,United Kingdom
682,536416,682,21494,ROTATING LEAVES T-LIGHT HOLDER,12,12/1/2010 11:58,1.25,13255.0,United Kingdom
683,536416,683,21915,RED  HARMONICA IN BOX ,72,12/1/2010 11:58,1.25,13255.0,United Kingdom
684,536416,684,22938,CUPCAKE LACE PAPER SET 6,12,12/1/2010 11:58,1.95,13255.0,United Kingdom
685,536416,685,22768,FAMILY PHOTO FRAME CORNICE,4,12/1/2010 11:58,9.95,13255.0,United Kingdom
686,536416,686,22767,TRIPLE PHOTO FRAME CORNICE ,4,12/1/2010 11:58,9.95,13255.0,United Kingdom
687,536416,687,82494L,WOODEN FRAME ANTIQUE WHITE ,6,12/1/2010 11:58,2.95,13255.0,United Kingdom
688,536420,688,21889,WOODEN BOX OF DOMINOES,12,12/1/2010 12:03,1.25,16583.0,United Kingdom
689,536420,689,21892,TRADITIONAL WOODEN CATCH CUP GAME ,12,12/1/2010 12:03,1.25,16583.0,United Kingdom
690,536420,690,21891,TRADITIONAL WOODEN SKIPPING ROPE,12,12/1/2010 12:03,1.25,16583.0,United Kingdom
691,536420,691,21890,S/6 WOODEN SKITTLES IN COTTON BAG,6,12/1/2010 12:03,2.95,16583.0,United Kingdom
692,536420,692,21718,RED METAL BEACH SPADE ,12,12/1/2010 12:03,1.25,16583.0,United Kingdom
693,536420,693,21716,BOYS VINTAGE TIN SEASIDE BUCKET,8,12/1/2010 12:03,2.55,16583.0,United Kingdom
694,536420,694,21715,GIRLS VINTAGE TIN SEASIDE BUCKET,8,12/1/2010 12:03,2.55,16583.0,United Kingdom
695,536420,695,22113,GREY HEART HOT WATER BOTTLE,4,12/1/2010 12:03,3.75,16583.0,United Kingdom
696,536420,696,22111,SCOTTIE DOG HOT WATER BOTTLE,3,12/1/2010 12:03,4.95,16583.0,United Kingdom
697,536420,697,22110,BIRD HOUSE HOT WATER BOTTLE,6,12/1/2010 12:03,2.55,16583.0,United Kingdom
698,536420,698,22358,KINGS CHOICE TEA CADDY ,6,12/1/2010 12:03,2.95,16583.0,United Kingdom
699,536420,699,22357,KINGS CHOICE BISCUIT TIN,4,12/1/2010 12:03,4.25,16583.0,United Kingdom
700,536420,700,22115,METAL SIGN EMPIRE TEA,6,12/1/2010 12:03,2.95,16583.0,United Kingdom
701,536420,701,22969,HOMEMADE JAM SCENTED CANDLES,12,12/1/2010 12:03,1.45,16583.0,United Kingdom
702,536423,702,22619,SET OF 6 SOLDIER SKITTLES,4,12/1/2010 12:08,3.75,18085.0,United Kingdom
703,536423,703,21481,FAWN BLUE HOT WATER BOTTLE,6,12/1/2010 12:08,2.95,18085.0,United Kingdom
704,536423,704,22632,HAND WARMER RED RETROSPOT,12,12/1/2010 12:08,2.1,18085.0,United Kingdom
705,536423,705,22837,HOT WATER BOTTLE BABUSHKA ,8,12/1/2010 12:08,4.65,18085.0,United Kingdom
706,536423,706,21479,WHITE SKULL HOT WATER BOTTLE ,8,12/1/2010 12:08,3.75,18085.0,United Kingdom
707,536423,707,21485,RETROSPOT HEART HOT WATER BOTTLE,8,12/1/2010 12:08,4.95,18085.0,United Kingdom
708,536423,708,84029E,RED WOOLLY HOTTIE WHITE HEART.,8,12/1/2010 12:08,3.75,18085.0,United Kingdom
709,536423,709,22111,SCOTTIE DOG HOT WATER BOTTLE,16,12/1/2010 12:08,4.95,18085.0,United Kingdom
710,536423,710,22113,GREY HEART HOT WATER BOTTLE,8,12/1/2010 12:08,3.75,18085.0,United Kingdom
711,536425,711,22837,HOT WATER BOTTLE BABUSHKA ,8,12/1/2010 12:08,4.65,13758.0,United Kingdom
712,536425,712,22585,PACK OF 6 BIRDY GIFT TAGS,12,12/1/2010 12:08,1.25,13758.0,United Kingdom
713,536425,713,79321,CHILLI LIGHTS,8,12/1/2010 12:08,4.95,13758.0,United Kingdom
714,536425,714,22637,PIGGY BANK RETROSPOT ,12,12/1/2010 12:08,2.55,13758.0,United Kingdom
715,536425,715,21556,CERAMIC STRAWBERRY MONEY BOX,6,12/1/2010 12:08,2.55,13758.0,United Kingdom
716,536425,716,22646,CERAMIC STRAWBERRY CAKE MONEY BANK,12,12/1/2010 12:08,1.45,13758.0,United Kingdom
717,536425,717,22644,CERAMIC CHERRY CAKE MONEY BANK,12,12/1/2010 12:08,1.45,13758.0,United Kingdom
718,536425,718,22645,CERAMIC HEART FAIRY CAKE MONEY BANK,12,12/1/2010 12:08,1.45,13758.0,United Kingdom
719,536425,719,22650,CERAMIC PIRATE CHEST MONEY BANK,12,12/1/2010 12:08,1.45,13758.0,United Kingdom
720,536425,720,22508,DOORSTOP RETROSPOT HEART,8,12/1/2010 12:08,3.75,13758.0,United Kingdom
721,536425,721,21411,GINGHAM HEART  DOORSTOP RED,3,12/1/2010 12:08,4.25,13758.0,United Kingdom
722,536425,722,22511,RETROSPOT BABUSHKA DOORSTOP,4,12/1/2010 12:08,3.75,13758.0,United Kingdom
723,536425,723,22451,SILK PURSE BABUSHKA RED,6,12/1/2010 12:08,3.35,13758.0,United Kingdom
724,536425,724,22449,SILK PURSE BABUSHKA PINK,6,12/1/2010 12:08,3.35,13758.0,United Kingdom
725,536425,725,22768,FAMILY PHOTO FRAME CORNICE,2,12/1/2010 12:08,9.95,13758.0,United Kingdom
726,536425,726,22829,SWEETHEART WIRE WALL TIDY,2,12/1/2010 12:08,9.95,13758.0,United Kingdom
727,536425,727,22961,JAM MAKING SET PRINTED,12,12/1/2010 12:08,1.45,13758.0,United Kingdom
728,536437,728,21154,RED RETROSPOT OVEN GLOVE ,200,12/1/2010 12:12,1.06,13694.0,United Kingdom
729,536437,729,22189,CREAM HEART CARD HOLDER,72,12/1/2010 12:12,3.39,13694.0,United Kingdom
730,536437,730,17021,NAMASTE SWAGAT INCENSE,600,12/1/2010 12:12,0.24,13694.0,United Kingdom
731,536437,731,22059,CERAMIC STRAWBERRY DESIGN MUG,48,12/1/2010 12:12,1.25,13694.0,United Kingdom
732,536437,732,22188,BLACK HEART CARD HOLDER,36,12/1/2010 12:12,3.39,13694.0,United Kingdom
733,536437,733,84678,CLASSICAL ROSE SMALL VASE,48,12/1/2010 12:12,1.25,13694.0,United Kingdom
734,536446,734,85172,HYACINTH BULB T-LIGHT CANDLES,32,12/1/2010 12:15,0.42,15983.0,United Kingdom
735,536446,735,22142,CHRISTMAS CRAFT WHITE FAIRY ,2,12/1/2010 12:15,1.45,15983.0,United Kingdom
736,536446,736,22144,CHRISTMAS CRAFT LITTLE FRIENDS,2,12/1/2010 12:15,2.1,15983.0,United Kingdom
737,536446,737,21591,COSY HOUR CIGAR BOX MATCHES ,6,12/1/2010 12:15,1.25,15983.0,United Kingdom
738,536446,738,22480,RED TEA TOWEL CLASSIC DESIGN,12,12/1/2010 12:15,1.25,15983.0,United Kingdom
739,536446,739,22294,HEART FILIGREE DOVE  SMALL,48,12/1/2010 12:15,1.25,15983.0,United Kingdom
740,536446,740,21156,RETROSPOT CHILDRENS APRON,1,12/1/2010 12:15,1.95,15983.0,United Kingdom
741,536446,741,10133,COLOURING PENCILS BROWN TUBE,5,12/1/2010 12:15,0.85,15983.0,United Kingdom
742,536446,742,72800E,4 IVORY DINNER CANDLES SILVER FLOCK,6,12/1/2010 12:15,2.55,15983.0,United Kingdom
743,536446,743,22294,HEART FILIGREE DOVE  SMALL,24,12/1/2010 12:15,1.25,15983.0,United Kingdom
744,536446,744,84836,ZINC METAL HEART DECORATION,12,12/1/2010 12:15,1.25,15983.0,United Kingdom
745,536446,745,20774,GREEN FERN NOTEBOOK,2,12/1/2010 12:15,1.65,15983.0,United Kingdom
746,536446,746,20773,BLUE PAISLEY NOTEBOOK,2,12/1/2010 12:15,1.65,15983.0,United Kingdom
747,536446,747,20777,CHRYSANTHEMUM NOTEBOOK,2,12/1/2010 12:15,1.65,15983.0,United Kingdom
748,536446,748,16016,LARGE CHINESE STYLE SCISSOR,10,12/1/2010 12:15,0.85,15983.0,United Kingdom
749,536446,749,16014,SMALL CHINESE STYLE SCISSOR,10,12/1/2010 12:15,0.42,15983.0,United Kingdom
750,536446,750,21890,S/6 WOODEN SKITTLES IN COTTON BAG,2,12/1/2010 12:15,2.95,15983.0,United Kingdom
751,536446,751,21891,TRADITIONAL WOODEN SKIPPING ROPE,2,12/1/2010 12:15,1.25,15983.0,United Kingdom
752,536446,752,22619,SET OF 6 SOLDIER SKITTLES,8,12/1/2010 12:15,3.75,15983.0,United Kingdom
753,536446,753,22620,4 TRADITIONAL SPINNING TOPS,6,12/1/2010 12:15,1.25,15983.0,United Kingdom
754,536446,754,84347,ROTATING SILVER ANGELS T-LIGHT HLDR,12,12/1/2010 12:15,2.55,15983.0,United Kingdom
755,536446,755,85169B,BLACK LOVE BIRD CANDLE,24,12/1/2010 12:15,1.25,15983.0,United Kingdom
756,536446,756,21156,RETROSPOT CHILDRENS APRON,3,12/1/2010 12:15,1.95,15983.0,United Kingdom
757,536446,757,21651,HANGING GLASS ETCHED TEALIGHT,6,12/1/2010 12:15,1.65,15983.0,United Kingdom
758,536446,758,21651,HANGING GLASS ETCHED TEALIGHT,6,12/1/2010 12:15,1.65,15983.0,United Kingdom
759,536446,759,84625C,BLUE NEW BAROQUE CANDLESTICK CANDLE,10,12/1/2010 12:15,2.95,15983.0,United Kingdom
760,536446,760,22618,COOKING SET RETROSPOT,2,12/1/2010 12:15,9.95,15983.0,United Kingdom
761,536446,761,21586,KINGS CHOICE GIANT TUBE MATCHES,4,12/1/2010 12:15,2.55,15983.0,United Kingdom
762,536446,762,21587,COSY HOUR GIANT TUBE MATCHES,4,12/1/2010 12:15,2.55,15983.0,United Kingdom
763,536446,763,22152,PLACE SETTING WHITE STAR,24,12/1/2010 12:15,0.42,15983.0,United Kingdom
764,536446,764,85172,HYACINTH BULB T-LIGHT CANDLES,16,12/1/2010 12:15,0.42,15983.0,United Kingdom
765,536446,765,84754,S/15 SILVER GLASS BAUBLES IN BAG,24,12/1/2010 12:15,1.25,15983.0,United Kingdom
766,536460,766,22670,FRENCH WC SIGN BLUE METAL,12,12/1/2010 12:22,1.25,14849.0,United Kingdom
767,536460,767,21586,KINGS CHOICE GIANT TUBE MATCHES,12,12/1/2010 12:22,2.55,14849.0,United Kingdom
768,536460,768,84992,72 SWEETHEART FAIRY CAKE CASES,24,12/1/2010 12:22,0.55,14849.0,United Kingdom
769,536460,769,84879,ASSORTED COLOUR BIRD ORNAMENT,24,12/1/2010 12:22,1.69,14849.0,United Kingdom
770,536460,770,84849B,FAIRY SOAP SOAP HOLDER,12,12/1/2010 12:22,1.69,14849.0,United Kingdom
771,536460,771,22927,GREEN GIANT GARDEN THERMOMETER,2,12/1/2010 12:22,5.95,14849.0,United Kingdom
772,536460,772,22926,IVORY GIANT GARDEN THERMOMETER,4,12/1/2010 12:22,5.95,14849.0,United Kingdom
773,536460,773,22925,BLUE GIANT GARDEN THERMOMETER,2,12/1/2010 12:22,5.95,14849.0,United Kingdom
774,536460,774,21977,PACK OF 60 PINK PAISLEY CAKE CASES,24,12/1/2010 12:22,0.55,14849.0,United Kingdom
775,536460,775,21485,RETROSPOT HEART HOT WATER BOTTLE,6,12/1/2010 12:22,4.95,14849.0,United Kingdom
776,536460,776,21484,CHICK GREY HOT WATER BOTTLE,8,12/1/2010 12:22,3.45,14849.0,United Kingdom
777,536460,777,21259,VICTORIAN SEWING BOX SMALL ,2,12/1/2010 12:22,5.95,14849.0,United Kingdom
778,536460,778,21257,VICTORIAN SEWING BOX MEDIUM,2,12/1/2010 12:22,7.95,14849.0,United Kingdom
779,536460,779,21121,SET/10 RED POLKADOT PARTY CANDLES,24,12/1/2010 12:22,1.25,14849.0,United Kingdom
780,536463,780,82552,WASHROOM METAL SIGN,12,12/1/2010 12:22,1.45,14849.0,United Kingdom
781,536464,781,90200B,BLACK SWEETHEART BRACELET,2,12/1/2010 12:23,4.25,17968.0,United Kingdom
782,536464,782,90059B,DIAMANTE HAIR GRIP PACK/2 BLACK DIA,2,12/1/2010 12:23,1.65,17968.0,United Kingdom
783,536464,783,90185C,BLACK DIAMANTE EXPANDABLE RING,2,12/1/2010 12:23,4.25,17968.0,United Kingdom
784,536464,784,90059E,DIAMANTE HAIR GRIP PACK/2 RUBY,3,12/1/2010 12:23,1.65,17968.0,United Kingdom
785,536464,785,90059C,DIAMANTE HAIR GRIP PACK/2 MONTANA,1,12/1/2010 12:23,1.65,17968.0,United Kingdom
786,536464,786,90200C,BLUE SWEETHEART BRACELET,1,12/1/2010 12:23,4.25,17968.0,United Kingdom
787,536464,787,90200D,PINK SWEETHEART BRACELET,3,12/1/2010 12:23,4.25,17968.0,United Kingdom
788,536464,788,90200A,PURPLE SWEETHEART BRACELET,1,12/1/2010 12:23,4.25,17968.0,United Kingdom
789,536464,789,22386,JUMBO BAG PINK POLKADOT,1,12/1/2010 12:23,1.95,17968.0,United Kingdom
790,536464,790,85099B,JUMBO BAG RED RETROSPOT,1,12/1/2010 12:23,1.95,17968.0,United Kingdom
791,536464,791,84879,ASSORTED COLOUR BIRD ORNAMENT,8,12/1/2010 12:23,1.69,17968.0,United Kingdom
792,536464,792,22086,PAPER CHAIN KIT 50'S CHRISTMAS ,1,12/1/2010 12:23,2.95,17968.0,United Kingdom
793,536464,793,22737,RIBBON REEL CHRISTMAS PRESENT ,1,12/1/2010 12:23,1.65,17968.0,United Kingdom
794,536464,794,21260,FIRST AID TIN,1,12/1/2010 12:23,3.25,17968.0,United Kingdom
795,536464,795,22744,MAKE YOUR OWN MONSOON CARD KIT,2,12/1/2010 12:23,2.95,17968.0,United Kingdom
796,536464,796,21985,PACK OF 12 HEARTS DESIGN TISSUES ,1,12/1/2010 12:23,0.29,17968.0,United Kingdom
797,536464,797,21980,PACK OF 12 RED RETROSPOT TISSUES ,1,12/1/2010 12:23,0.29,17968.0,United Kingdom
798,536464,798,22988,SOLDIERS EGG CUP ,1,12/1/2010 12:23,1.25,17968.0,United Kingdom
799,536464,799,22297,HEART IVORY TRELLIS SMALL,1,12/1/2010 12:23,1.25,17968.0,United Kingdom
800,536464,800,22294,HEART FILIGREE DOVE  SMALL,1,12/1/2010 12:23,1.25,17968.0,United Kingdom
801,536464,801,22295,HEART FILIGREE DOVE LARGE,1,12/1/2010 12:23,1.65,17968.0,United Kingdom
802,536464,802,22813,PACK 3 BOXES BIRD PANNETONE ,2,12/1/2010 12:23,1.95,17968.0,United Kingdom
803,536464,803,22812,PACK 3 BOXES CHRISTMAS PANNETONE,6,12/1/2010 12:23,1.95,17968.0,United Kingdom
804,536464,804,22197,SMALL POPCORN HOLDER,5,12/1/2010 12:23,0.85,17968.0,United Kingdom
805,536464,805,21977,PACK OF 60 PINK PAISLEY CAKE CASES,1,12/1/2010 12:23,0.55,17968.0,United Kingdom
806,536464,806,22619,SET OF 6 SOLDIER SKITTLES,1,12/1/2010 12:23,3.75,17968.0,United Kingdom
807,536464,807,16258A,SWIRLY CIRCULAR RUBBERS IN BAG,1,12/1/2010 12:23,0.42,17968.0,United Kingdom
808,536464,808,21992,VINTAGE PAISLEY STATIONERY SET,1,12/1/2010 12:23,2.95,17968.0,United Kingdom
809,536464,809,22910,PAPER CHAIN KIT VINTAGE CHRISTMAS,1,12/1/2010 12:23,2.95,17968.0,United Kingdom
810,536464,810,21124,SET/10 BLUE POLKADOT PARTY CANDLES,1,12/1/2010 12:23,1.25,17968.0,United Kingdom
811,536464,811,22735,RIBBON REEL SOCKS AND MITTENS,2,12/1/2010 12:23,1.65,17968.0,United Kingdom
812,536464,812,22952,60 CAKE CASES VINTAGE CHRISTMAS,2,12/1/2010 12:23,0.55,17968.0,United Kingdom
813,536464,813,22945,CHRISTMAS METAL TAGS ASSORTED ,6,12/1/2010 12:23,0.85,17968.0,United Kingdom
814,536464,814,21816,CHRISTMAS TREE T-LIGHT HOLDER,2,12/1/2010 12:23,1.45,17968.0,United Kingdom
815,536464,815,21815,STAR  T-LIGHT HOLDER ,4,12/1/2010 12:23,1.45,17968.0,United Kingdom
816,536464,816,21814,HEART T-LIGHT HOLDER ,2,12/1/2010 12:23,1.45,17968.0,United Kingdom
817,536464,817,10125,MINI FUNKY DESIGN TAPES,2,12/1/2010 12:23,0.85,17968.0,United Kingdom
818,536464,818,22810,SET OF 6 T-LIGHTS SNOWMEN,1,12/1/2010 12:23,2.95,17968.0,United Kingdom
819,536464,819,22573,STAR WOODEN CHRISTMAS DECORATION,1,12/1/2010 12:23,0.85,17968.0,United Kingdom
820,536464,820,22577,WOODEN HEART CHRISTMAS SCANDINAVIAN,1,12/1/2010 12:23,0.85,17968.0,United Kingdom
821,536464,821,22603,CHRISTMAS RETROSPOT TREE WOOD,2,12/1/2010 12:23,0.85,17968.0,United Kingdom
822,536464,822,22809,SET OF 6 T-LIGHTS SANTA,1,12/1/2010 12:23,2.95,17968.0,United Kingdom
823,536464,823,20878,SET/9 CHRISTMAS T-LIGHTS SCENTED ,1,12/1/2010 12:23,1.25,17968.0,United Kingdom
824,536464,824,20866,BLUE ROSE FABRIC MIRROR,1,12/1/2010 12:23,1.25,17968.0,United Kingdom
825,536464,825,85095,THREE CANVAS LUGGAGE TAGS,1,12/1/2010 12:23,1.95,17968.0,United Kingdom
826,536464,826,22333,RETROSPOT PARTY BAG + STICKER SET,1,12/1/2010 12:23,1.65,17968.0,United Kingdom
827,536464,827,22557,PLASTERS IN TIN VINTAGE PAISLEY ,1,12/1/2010 12:23,1.65,17968.0,United Kingdom
828,536464,828,21584,RETROSPOT SMALL TUBE MATCHES,1,12/1/2010 12:23,1.65,17968.0,United Kingdom
829,536464,829,22866,HAND WARMER SCOTTY DOG DESIGN,1,12/1/2010 12:23,2.1,17968.0,United Kingdom
830,536464,830,22731,3D CHRISTMAS STAMPS STICKERS ,2,12/1/2010 12:23,1.25,17968.0,United Kingdom
831,536464,831,22866,HAND WARMER SCOTTY DOG DESIGN,1,12/1/2010 12:23,2.1,17968.0,United Kingdom
832,536464,832,22866,HAND WARMER SCOTTY DOG DESIGN,3,12/1/2010 12:23,2.1,17968.0,United Kingdom
833,536464,833,22558,CLOTHES PEGS RETROSPOT PACK 24 ,2,12/1/2010 12:23,1.49,17968.0,United Kingdom
834,536464,834,22956,36 FOIL HEART CAKE CASES,1,12/1/2010 12:23,2.1,17968.0,United Kingdom
835,536464,835,22945,CHRISTMAS METAL TAGS ASSORTED ,6,12/1/2010 12:23,0.85,17968.0,United Kingdom
836,536464,836,22582,PACK OF 6 SWEETIE GIFT BOXES,1,12/1/2010 12:23,2.55,17968.0,United Kingdom
837,536464,837,21212,PACK OF 72 RETROSPOT CAKE CASES,1,12/1/2010 12:23,0.55,17968.0,United Kingdom
838,536464,838,21212,PACK OF 72 RETROSPOT CAKE CASES,2,12/1/2010 12:23,0.55,17968.0,United Kingdom
839,536464,839,22585,PACK OF 6 BIRDY GIFT TAGS,3,12/1/2010 12:23,1.25,17968.0,United Kingdom
840,536464,840,21121,SET/10 RED POLKADOT PARTY CANDLES,1,12/1/2010 12:23,1.25,17968.0,United Kingdom
841,536464,841,21122,SET/10 PINK POLKADOT PARTY CANDLES,1,12/1/2010 12:23,1.25,17968.0,United Kingdom
842,536464,842,22759,SET OF 3 NOTEBOOKS IN PARCEL,1,12/1/2010 12:23,1.65,17968.0,United Kingdom
843,536464,843,21815,STAR  T-LIGHT HOLDER ,1,12/1/2010 12:23,1.45,17968.0,United Kingdom
844,536464,844,85231B,CINAMMON SET OF 9 T-LIGHTS,3,12/1/2010 12:23,0.85,17968.0,United Kingdom
845,536464,845,85231G,ORANGE SCENTED SET/9 T-LIGHTS,5,12/1/2010 12:23,0.85,17968.0,United Kingdom
846,536464,846,22082,RIBBON REEL STRIPES DESIGN ,5,12/1/2010 12:23,1.65,17968.0,United Kingdom
847,536464,847,22500,SET OF 2 TINS JARDIN DE PROVENCE,2,12/1/2010 12:23,4.95,17968.0,United Kingdom
848,536464,848,22742,MAKE YOUR OWN PLAYTIME CARD KIT,1,12/1/2010 12:23,2.95,17968.0,United Kingdom
849,536464,849,21329,DINOSAURS  WRITING SET ,1,12/1/2010 12:23,1.65,17968.0,United Kingdom
850,536464,850,21328,BALLOONS  WRITING SET ,1,12/1/2010 12:23,1.65,17968.0,United Kingdom
851,536464,851,21327,SKULLS WRITING SET ,1,12/1/2010 12:23,1.65,17968.0,United Kingdom
852,536464,852,21992,VINTAGE PAISLEY STATIONERY SET,1,12/1/2010 12:23,2.95,17968.0,United Kingdom
853,536464,853,21738,COSY SLIPPER SHOES SMALL  RED ,1,12/1/2010 12:23,2.95,17968.0,United Kingdom
854,536464,854,48173C,DOORMAT BLACK FLOCK ,1,12/1/2010 12:23,7.95,17968.0,United Kingdom
855,536464,855,85099C,JUMBO  BAG BAROQUE BLACK WHITE,1,12/1/2010 12:23,1.95,17968.0,United Kingdom
856,536464,856,22960,JAM MAKING SET WITH JARS,1,12/1/2010 12:23,4.25,17968.0,United Kingdom
857,536464,857,85231G,ORANGE SCENTED SET/9 T-LIGHTS,1,12/1/2010 12:23,0.85,17968.0,United Kingdom
858,536464,858,85231B,CINAMMON SET OF 9 T-LIGHTS,2,12/1/2010 12:23,0.85,17968.0,United Kingdom
859,536464,859,22866,HAND WARMER SCOTTY DOG DESIGN,1,12/1/2010 12:23,2.1,17968.0,United Kingdom
860,536464,860,72818,CHRISTMAS DECOUPAGE CANDLE,1,12/1/2010 12:23,0.85,17968.0,United Kingdom
861,536464,861,21814,HEART T-LIGHT HOLDER ,8,12/1/2010 12:23,1.45,17968.0,United Kingdom
862,536464,862,22441,GROW YOUR OWN BASIL IN ENAMEL MUG,1,12/1/2010 12:23,2.1,17968.0,United Kingdom
863,536464,863,22312,OFFICE MUG WARMER POLKADOT,1,12/1/2010 12:23,2.95,17968.0,United Kingdom
864,536464,864,22197,SMALL POPCORN HOLDER,6,12/1/2010 12:23,0.85,17968.0,United Kingdom
865,536464,865,22663,JUMBO BAG DOLLY GIRL DESIGN,1,12/1/2010 12:23,1.95,17968.0,United Kingdom
866,536466,866,22960,JAM MAKING SET WITH JARS,6,12/1/2010 12:23,4.25,14849.0,United Kingdom
867,536466,867,22961,JAM MAKING SET PRINTED,12,12/1/2010 12:23,1.45,14849.0,United Kingdom
868,536477,868,21314,SMALL GLASS HEART TRINKET POT,48,12/1/2010 12:27,1.85,16210.0,United Kingdom
869,536477,869,84029E,RED WOOLLY HOTTIE WHITE HEART.,24,12/1/2010 12:27,3.39,16210.0,United Kingdom
870,536477,870,21137,BLACK RECORD COVER FRAME,480,12/1/2010 12:27,3.39,16210.0,United Kingdom
871,536477,871,22041,"RECORD FRAME 7"" SINGLE SIZE ",48,12/1/2010 12:27,2.1,16210.0,United Kingdom
872,536477,872,20979,36 PENCILS TUBE RED RETROSPOT,16,12/1/2010 12:27,1.25,16210.0,United Kingdom
873,536477,873,20977,36 PENCILS TUBE WOODLAND,16,12/1/2010 12:27,1.25,16210.0,United Kingdom
874,536477,874,22619,SET OF 6 SOLDIER SKITTLES,4,12/1/2010 12:27,3.75,16210.0,United Kingdom
875,536477,875,22571,ROCKING HORSE RED CHRISTMAS ,96,12/1/2010 12:27,0.72,16210.0,United Kingdom
876,536477,876,22595,CHRISTMAS GINGHAM HEART,144,12/1/2010 12:27,0.72,16210.0,United Kingdom
877,536477,877,22593,CHRISTMAS GINGHAM STAR,144,12/1/2010 12:27,0.72,16210.0,United Kingdom
878,536477,878,22633,HAND WARMER UNION JACK,12,12/1/2010 12:27,2.1,16210.0,United Kingdom
879,536477,879,22632,HAND WARMER RED RETROSPOT,12,12/1/2010 12:27,2.1,16210.0,United Kingdom
880,536477,880,22423,REGENCY CAKESTAND 3 TIER,16,12/1/2010 12:27,10.95,16210.0,United Kingdom
881,536477,881,22411,JUMBO SHOPPER VINTAGE RED PAISLEY,10,12/1/2010 12:27,1.95,16210.0,United Kingdom
882,536488,882,22738,RIBBON REEL SNOWY VILLAGE,5,12/1/2010 12:31,1.65,17897.0,United Kingdom
883,536488,883,21621,VINTAGE UNION JACK BUNTING,1,12/1/2010 12:31,8.5,17897.0,United Kingdom
884,536488,884,22960,JAM MAKING SET WITH JARS,8,12/1/2010 12:31,4.25,17897.0,United Kingdom
885,536488,885,22082,RIBBON REEL STRIPES DESIGN ,5,12/1/2010 12:31,1.65,17897.0,United Kingdom
886,536488,886,47563A,RETRO LONGBOARD IRONING BOARD COVER,1,12/1/2010 12:31,3.75,17897.0,United Kingdom
887,536488,887,84558A,3D DOG PICTURE PLAYING CARDS,1,12/1/2010 12:31,2.95,17897.0,United Kingdom
888,536488,888,21592,RETROSPOT CIGAR BOX MATCHES ,1,12/1/2010 12:31,1.25,17897.0,United Kingdom
889,536488,889,20878,SET/9 CHRISTMAS T-LIGHTS SCENTED ,2,12/1/2010 12:31,1.25,17897.0,United Kingdom
890,536488,890,84347,ROTATING SILVER ANGELS T-LIGHT HLDR,1,12/1/2010 12:31,2.55,17897.0,United Kingdom
891,536488,891,84347,ROTATING SILVER ANGELS T-LIGHT HLDR,1,12/1/2010 12:31,2.55,17897.0,United Kingdom
892,536488,892,21577,SAVE THE PLANET COTTON TOTE BAG,1,12/1/2010 12:31,2.25,17897.0,United Kingdom
893,536488,893,22909,SET OF 20 VINTAGE CHRISTMAS NAPKINS,1,12/1/2010 12:31,0.85,17897.0,United Kingdom
894,536488,894,22087,PAPER BUNTING WHITE LACE,1,12/1/2010 12:31,2.95,17897.0,United Kingdom
895,536488,895,22651,GENTLEMAN SHIRT REPAIR KIT ,2,12/1/2010 12:31,0.85,17897.0,United Kingdom
896,536488,896,22713,CARD I LOVE LONDON ,12,12/1/2010 12:31,0.42,17897.0,United Kingdom
897,536488,897,22910,PAPER CHAIN KIT VINTAGE CHRISTMAS,1,12/1/2010 12:31,2.95,17897.0,United Kingdom
898,536488,898,21370,MIRRORED WALL ART FOXY,2,12/1/2010 12:31,6.35,17897.0,United Kingdom
899,536488,899,21367,MIRRORED WALL ART GENTS,1,12/1/2010 12:31,2.55,17897.0,United Kingdom
900,536488,900,22376,AIRLINE BAG VINTAGE JET SET WHITE,1,12/1/2010 12:31,4.25,17897.0,United Kingdom
901,536488,901,22961,JAM MAKING SET PRINTED,1,12/1/2010 12:31,1.45,17897.0,United Kingdom
902,536488,902,21895,POTTING SHED SOW 'N' GROW SET,1,12/1/2010 12:31,4.25,17897.0,United Kingdom
903,536488,903,22468,BABUSHKA LIGHTS STRING OF 10,1,12/1/2010 12:31,6.75,17897.0,United Kingdom
904,536488,904,21034,REX CASH+CARRY JUMBO SHOPPER,1,12/1/2010 12:31,0.95,17897.0,United Kingdom
905,536488,905,22372,AIRLINE BAG VINTAGE WORLD CHAMPION ,1,12/1/2010 12:31,4.25,17897.0,United Kingdom
906,536488,906,22867,HAND WARMER BIRD DESIGN,1,12/1/2010 12:31,2.1,17897.0,United Kingdom
907,536488,907,22144,CHRISTMAS CRAFT LITTLE FRIENDS,1,12/1/2010 12:31,2.1,17897.0,United Kingdom
908,536488,908,21190,PINK HEARTS PAPER GARLAND,1,12/1/2010 12:31,1.65,17897.0,United Kingdom
909,536488,909,21894,POTTING SHED SEED ENVELOPES,3,12/1/2010 12:31,1.25,17897.0,United Kingdom
910,536488,910,70007,HI TEC ALPINE HAND WARMER,3,12/1/2010 12:31,1.65,17897.0,United Kingdom
911,536488,911,22940,FELTCRAFT CHRISTMAS FAIRY,1,12/1/2010 12:31,4.25,17897.0,United Kingdom
912,536488,912,70007,HI TEC ALPINE HAND WARMER,1,12/1/2010 12:31,1.65,17897.0,United Kingdom
913,536488,913,84347,ROTATING SILVER ANGELS T-LIGHT HLDR,3,12/1/2010 12:31,2.55,17897.0,United Kingdom
914,536488,914,22150,3 STRIPEY MICE FELTCRAFT,1,12/1/2010 12:31,1.95,17897.0,United Kingdom
915,536488,915,22149,FELTCRAFT 6 FLOWER FRIENDS,2,12/1/2010 12:31,2.1,17897.0,United Kingdom
916,536488,916,22144,CHRISTMAS CRAFT LITTLE FRIENDS,2,12/1/2010 12:31,2.1,17897.0,United Kingdom
917,536500,917,21622,VINTAGE UNION JACK CUSHION COVER,10,12/1/2010 12:35,4.95,17377.0,United Kingdom
918,536500,918,46000M,POLYESTER FILLER PAD 45x45cm,10,12/1/2010 12:35,1.55,17377.0,United Kingdom
919,536500,919,22630,DOLLY GIRL LUNCH BOX,2,12/1/2010 12:35,1.95,17377.0,United Kingdom
920,536500,920,22616,PACK OF 12 LONDON TISSUES ,12,12/1/2010 12:35,0.29,17377.0,United Kingdom
921,536500,921,22712,CARD DOLLY GIRL ,12,12/1/2010 12:35,0.42,17377.0,United Kingdom
922,536500,922,22983,CARD BILLBOARD FONT,12,12/1/2010 12:35,0.42,17377.0,United Kingdom
923,536500,923,22024,RAINY LADIES BIRTHDAY CARD,12,12/1/2010 12:35,0.42,17377.0,United Kingdom
924,536500,924,22113,GREY HEART HOT WATER BOTTLE,3,12/1/2010 12:35,3.75,17377.0,United Kingdom
925,536500,925,84029E,RED WOOLLY HOTTIE WHITE HEART.,2,12/1/2010 12:35,3.75,17377.0,United Kingdom
926,536500,926,21488,RED WHITE SCARF  HOT WATER BOTTLE,2,12/1/2010 12:35,3.95,17377.0,United Kingdom
927,536500,927,22900, SET 2 TEA TOWELS I LOVE LONDON ,7,12/1/2010 12:35,2.95,17377.0,United Kingdom
928,536500,928,22895,SET OF 2 TEA TOWELS APPLE AND PEARS,3,12/1/2010 12:35,2.95,17377.0,United Kingdom
929,536500,929,21035,SET/2 RED RETROSPOT TEA TOWELS ,3,12/1/2010 12:35,2.95,17377.0,United Kingdom
930,536500,930,21755,LOVE BUILDING BLOCK WORD,6,12/1/2010 12:35,5.95,17377.0,United Kingdom
931,536500,931,21754,HOME BUILDING BLOCK WORD,6,12/1/2010 12:35,5.95,17377.0,United Kingdom
932,536502,932,84879,ASSORTED COLOUR BIRD ORNAMENT,16,12/1/2010 12:36,1.69,16552.0,United Kingdom
933,536502,933,22784,LANTERN CREAM GAZEBO ,3,12/1/2010 12:36,4.95,16552.0,United Kingdom
934,536502,934,21441,BLUE BIRDHOUSE DECORATION,12,12/1/2010 12:36,0.85,16552.0,United Kingdom
935,536502,935,85123A,WHITE HANGING HEART T-LIGHT HOLDER,6,12/1/2010 12:36,2.95,16552.0,United Kingdom
936,536502,936,22423,REGENCY CAKESTAND 3 TIER,2,12/1/2010 12:36,12.75,16552.0,United Kingdom
937,536508,937,84947,ANTIQUE SILVER TEA GLASS ENGRAVED,72,12/1/2010 12:38,1.06,17181.0,United Kingdom
938,536508,938,21326,AGED GLASS SILVER T-LIGHT HOLDER,144,12/1/2010 12:38,0.55,17181.0,United Kingdom
939,C536506,939,22960,JAM MAKING SET WITH JARS,6,12/1/2010 12:38,4.25,17897.0,United Kingdom
940,536514,940,22865,HAND WARMER OWL DESIGN,36,12/1/2010 12:40,2.1,17951.0,United Kingdom
941,536514,941,22485,SET OF 2 WOODEN MARKET CRATES,4,12/1/2010 12:40,12.75,17951.0,United Kingdom
942,536514,942,22807,SET OF 6 T-LIGHTS TOADSTOOLS,6,12/1/2010 12:40,2.95,17951.0,United Kingdom
943,536514,943,22633,HAND WARMER UNION JACK,36,12/1/2010 12:40,2.1,17951.0,United Kingdom
944,536514,944,22866,HAND WARMER SCOTTY DOG DESIGN,36,12/1/2010 12:40,2.1,17951.0,United Kingdom
945,536520,945,21794,CLASSIC FRENCH STYLE BASKET NATURAL,1,12/1/2010 12:43,6.75,14729.0,United Kingdom
946,536520,946,20707,CRAZY DAISY HEART DECORATION,1,12/1/2010 12:43,1.25,14729.0,United Kingdom
947,536520,947,21175,GIN + TONIC DIET METAL SIGN,1,12/1/2010 12:43,2.1,14729.0,United Kingdom
948,536520,948,22926,IVORY GIANT GARDEN THERMOMETER,1,12/1/2010 12:43,5.95,14729.0,United Kingdom
949,536520,949,22588,CARD HOLDER GINGHAM HEART,2,12/1/2010 12:43,2.55,14729.0,United Kingdom
950,536520,950,21292,SMALL STRIPES CHOCOLATE GIFT BAG ,16,12/1/2010 12:43,0.85,14729.0,United Kingdom
951,536520,951,21890,S/6 WOODEN SKITTLES IN COTTON BAG,1,12/1/2010 12:43,2.95,14729.0,United Kingdom
952,536520,952,22632,HAND WARMER RED RETROSPOT,4,12/1/2010 12:43,2.1,14729.0,United Kingdom
953,536520,953,22633,HAND WARMER UNION JACK,3,12/1/2010 12:43,2.1,14729.0,United Kingdom
954,536520,954,22670,FRENCH WC SIGN BLUE METAL,1,12/1/2010 12:43,1.25,14729.0,United Kingdom
955,536520,955,21867,PINK UNION JACK  LUGGAGE TAG,1,12/1/2010 12:43,1.25,14729.0,United Kingdom
956,536520,956,22760,"TRAY, BREAKFAST IN BED",1,12/1/2010 12:43,12.75,14729.0,United Kingdom
957,536520,957,22107,PIZZA PLATE IN BOX,2,12/1/2010 12:43,3.75,14729.0,United Kingdom
958,536520,958,22470,HEART OF WICKER LARGE,1,12/1/2010 12:43,2.95,14729.0,United Kingdom
959,536520,959,21486,PINK HEART DOTS HOT WATER BOTTLE,1,12/1/2010 12:43,3.75,14729.0,United Kingdom
960,536520,960,22151,PLACE SETTING WHITE HEART,14,12/1/2010 12:43,0.42,14729.0,United Kingdom
961,536520,961,22643,SET OF 4 NAPKIN CHARMS LEAVES   ,4,12/1/2010 12:43,2.55,14729.0,United Kingdom
962,536520,962,22642,SET OF 4 NAPKIN CHARMS STARS   ,4,12/1/2010 12:43,2.55,14729.0,United Kingdom
963,536520,963,22604,SET OF 4 NAPKIN CHARMS CUTLERY,3,12/1/2010 12:43,2.55,14729.0,United Kingdom
964,536520,964,22099,CARAVAN SQUARE TISSUE BOX,2,12/1/2010 12:43,1.25,14729.0,United Kingdom
965,536520,965,22553,PLASTERS IN TIN SKULLS,1,12/1/2010 12:43,1.65,14729.0,United Kingdom
966,536520,966,22551,PLASTERS IN TIN SPACEBOY,1,12/1/2010 12:43,1.65,14729.0,United Kingdom
967,536520,967,22653,BUTTON BOX ,1,12/1/2010 12:43,1.95,14729.0,United Kingdom
968,536520,968,22557,PLASTERS IN TIN VINTAGE PAISLEY ,2,12/1/2010 12:43,1.65,14729.0,United Kingdom
969,536520,969,22906,12 MESSAGE CARDS WITH ENVELOPES,6,12/1/2010 12:43,1.65,14729.0,United Kingdom
970,536520,970,22754,SMALL RED BABUSHKA NOTEBOOK ,1,12/1/2010 12:43,0.85,14729.0,United Kingdom
971,536520,971,22938,CUPCAKE LACE PAPER SET 6,5,12/1/2010 12:43,1.95,14729.0,United Kingdom
972,536520,972,22812,PACK 3 BOXES CHRISTMAS PANNETONE,3,12/1/2010 12:43,1.95,14729.0,United Kingdom
973,536520,973,22919,HERB MARKER MINT,2,12/1/2010 12:43,0.65,14729.0,United Kingdom
974,536520,974,22917,HERB MARKER ROSEMARY,1,12/1/2010 12:43,0.65,14729.0,United Kingdom
975,536520,975,22920,HERB MARKER BASIL,3,12/1/2010 12:43,0.65,14729.0,United Kingdom
976,536520,976,22921,HERB MARKER CHIVES ,2,12/1/2010 12:43,0.65,14729.0,United Kingdom
977,536520,977,22918,HERB MARKER PARSLEY,2,12/1/2010 12:43,0.65,14729.0,United Kingdom
978,536520,978,22916,HERB MARKER THYME,1,12/1/2010 12:43,0.65,14729.0,United Kingdom
979,536520,979,85123A,WHITE HANGING HEART T-LIGHT HOLDER,3,12/1/2010 12:43,2.95,14729.0,United Kingdom
980,536520,980,22575,METAL MERRY CHRISTMAS WREATH,1,12/1/2010 12:43,1.95,14729.0,United Kingdom
981,536520,981,21804,WHITE CHRISTMAS GARLAND STARS TREES,3,12/1/2010 12:43,3.75,14729.0,United Kingdom
982,536520,982,21584,RETROSPOT SMALL TUBE MATCHES,12,12/1/2010 12:43,1.65,14729.0,United Kingdom
983,536520,983,21588,RETROSPOT GIANT TUBE MATCHES,3,12/1/2010 12:43,2.55,14729.0,United Kingdom
984,536520,984,22152,PLACE SETTING WHITE STAR,12,12/1/2010 12:43,0.42,14729.0,United Kingdom
985,536520,985,22441,GROW YOUR OWN BASIL IN ENAMEL MUG,1,12/1/2010 12:43,2.1,14729.0,United Kingdom
986,536520,986,22955,36 FOIL STAR CAKE CASES ,2,12/1/2010 12:43,2.1,14729.0,United Kingdom
987,536520,987,22956,36 FOIL HEART CAKE CASES,2,12/1/2010 12:43,2.1,14729.0,United Kingdom
988,536520,988,22582,PACK OF 6 SWEETIE GIFT BOXES,2,12/1/2010 12:43,2.55,14729.0,United Kingdom
989,536520,989,22583,PACK OF 6 HANDBAG GIFT BOXES,3,12/1/2010 12:43,2.55,14729.0,United Kingdom
990,536520,990,22241,GARLAND WOODEN HAPPY EASTER,2,12/1/2010 12:43,1.25,14729.0,United Kingdom
991,536520,991,22904,CALENDAR PAPER CUT DESIGN,3,12/1/2010 12:43,2.95,14729.0,United Kingdom
992,536520,992,22905,CALENDAR IN SEASON DESIGN,2,12/1/2010 12:43,2.95,14729.0,United Kingdom
993,536520,993,22197,SMALL POPCORN HOLDER,3,12/1/2010 12:43,0.85,14729.0,United Kingdom
994,536520,994,22092,BLUE PAISLEY TISSUE BOX,1,12/1/2010 12:43,1.25,14729.0,United Kingdom
995,536520,995,22469,HEART OF WICKER SMALL,1,12/1/2010 12:43,1.65,14729.0,United Kingdom
996,536520,996,22100,SKULLS SQUARE TISSUE BOX,1,12/1/2010 12:43,1.25,14729.0,United Kingdom
997,536520,997,22096,PINK PAISLEY SQUARE TISSUE BOX ,1,12/1/2010 12:43,1.25,14729.0,United Kingdom
998,536520,998,22583,PACK OF 6 HANDBAG GIFT BOXES,1,12/1/2010 12:43,2.55,14729.0,United Kingdom
999,536520,999,21358,TOAST ITS - HAPPY BIRTHDAY,2,12/1/2010 12:43,1.25,14729.0,United Kingdom
